"senderDFSP","senderName","senderAccountName","senderID","senderRoleType","senderUUID","receiverDFSP","receiverName","receiverAccountName","receiverID","receiverRoleType","receiverUUID"
dfsp1,cust170705-6-1-1,PT-cust170705-6-1-1,97329661,customer,9d51c9ff-6934-44f8-a89b-96484b71b436,dfsp2,cust170705-6-1-2,PT-cust170705-6-1-2,15100561,customer,d71766d6-0891-46c5-a01a-16584949d353
dfsp1,cust170705-6-2-1,PT-cust170705-6-2-1,48175517,customer,79767bb3-ba7d-4ba3-9cc8-fd1d315fef42,dfsp2,cust170705-6-2-2,PT-cust170705-6-2-2,56442424,customer,f6541811-e68c-4254-8140-f25e8ad08651
dfsp1,cust170705-6-3-1,PT-cust170705-6-3-1,37769376,customer,dab3ad2b-b64f-4594-8943-ffaf6140018a,dfsp2,cust170705-6-3-2,PT-cust170705-6-3-2,42655708,customer,0e575693-bbc9-4147-80b5-303e15437fbd
dfsp1,cust170705-6-4-1,PT-cust170705-6-4-1,24065867,customer,03a0dd42-5e6c-4fef-b086-3ed588d53641,dfsp2,cust170705-6-4-2,PT-cust170705-6-4-2,42329708,customer,dfff022a-5303-40aa-ac35-397231516e55
dfsp1,cust170705-6-5-1,PT-cust170705-6-5-1,44800213,customer,5c1fd3af-28d9-4f4f-a001-bf529306a0f2,dfsp2,cust170705-6-5-2,PT-cust170705-6-5-2,2370525,customer,974c9652-a333-4808-a01c-a7124d7b5e91
dfsp1,cust170705-6-6-1,PT-cust170705-6-6-1,47799705,customer,a5a5c60e-e0fa-4ac2-ba06-a47f97fbf084,dfsp2,cust170705-6-6-2,PT-cust170705-6-6-2,19797354,customer,c00080d3-3153-45f5-89a9-53ac19a21dbe
dfsp1,cust170705-6-7-1,PT-cust170705-6-7-1,58862731,customer,e47941f0-7d07-4397-8503-6f2105ec77f7,dfsp2,cust170705-6-7-2,PT-cust170705-6-7-2,70742740,customer,fc93b4b8-a012-4f40-9a16-018ff111687f
dfsp1,cust170705-6-8-1,PT-cust170705-6-8-1,15480094,customer,96462d9d-1222-48c2-bc93-d1e54886b2db,dfsp2,cust170705-6-8-2,PT-cust170705-6-8-2,83695220,customer,a7d6104d-d009-4037-a53e-03610cedf208
dfsp1,cust170705-6-9-1,PT-cust170705-6-9-1,5481598,customer,1499dcc5-cc31-47f6-8087-c5458f91d2ef,dfsp2,cust170705-6-9-2,PT-cust170705-6-9-2,26612981,customer,5b80e951-0b6e-436d-b09a-adf4c177b2f3
dfsp1,cust170705-6-10-1,PT-cust170705-6-10-1,47956768,customer,d9e0da87-2754-416d-a133-7246aa3112c0,dfsp2,cust170705-6-10-2,PT-cust170705-6-10-2,78236697,customer,252fb546-d8fb-4d29-bea0-f0733810a6d1
dfsp1,cust170705-6-11-1,PT-cust170705-6-11-1,55772936,customer,7a1dc768-a4bd-44e9-8be4-6f1100d189fc,dfsp2,cust170705-6-11-2,PT-cust170705-6-11-2,93069716,customer,b92b9e3e-8018-4d75-950b-611c6be895e6
dfsp1,cust170705-6-12-1,PT-cust170705-6-12-1,10539409,customer,b3bec07d-79bd-4724-9f83-6e1ff75d296a,dfsp2,cust170705-6-12-2,PT-cust170705-6-12-2,704516,customer,f4339567-7019-4c66-a818-3865f0b3f4f5
dfsp1,cust170705-6-13-1,PT-cust170705-6-13-1,65794009,customer,5aaae7a4-820d-4886-b770-094007e4f5a3,dfsp2,cust170705-6-13-2,PT-cust170705-6-13-2,89856791,customer,e6c87786-81c8-45cc-aade-e70cc1b1bb54
dfsp1,cust170705-6-14-1,PT-cust170705-6-14-1,54779946,customer,4bc031d0-2697-499a-bc19-de08c36d0364,dfsp2,cust170705-6-14-2,PT-cust170705-6-14-2,92194363,customer,dce56777-64bd-49c3-b991-af31b0aca7e7
dfsp1,cust170705-6-15-1,PT-cust170705-6-15-1,44107899,customer,8fc8fd4d-5d9a-48ce-a525-75b26486876b,dfsp2,cust170705-6-15-2,PT-cust170705-6-15-2,96029425,customer,b7905960-662d-463e-806b-8c0a8b027a23
dfsp1,cust170705-6-16-1,PT-cust170705-6-16-1,4934837,customer,15174f87-95c2-40b3-8965-1e3eead5baa2,dfsp2,cust170705-6-16-2,PT-cust170705-6-16-2,26510993,customer,70775938-4ae5-4d15-900f-e238cf3ce39c
dfsp1,cust170705-6-17-1,PT-cust170705-6-17-1,77581930,customer,4cdbd170-b05d-47dc-8a18-de4832b50ae0,dfsp2,cust170705-6-17-2,PT-cust170705-6-17-2,7618852,customer,027d8c78-4e7d-4fc3-bd08-d7094bd771e2
dfsp1,cust170705-6-18-1,PT-cust170705-6-18-1,41095721,customer,cdb27113-74e2-4c6b-98fa-3b8631213901,dfsp2,cust170705-6-18-2,PT-cust170705-6-18-2,37116589,customer,73675855-5797-4e60-b42e-64e95d3f989c
dfsp1,cust170705-6-19-1,PT-cust170705-6-19-1,75200625,customer,6206777a-fef7-44a2-bb8d-d716c4193524,dfsp2,cust170705-6-19-2,PT-cust170705-6-19-2,18732877,customer,2af015e4-57a8-47c8-be5e-b732236fb09c
dfsp1,cust170705-6-20-1,PT-cust170705-6-20-1,75026690,customer,f3b2bcd4-d533-4d4f-90c8-8f2b203e67fa,dfsp2,cust170705-6-20-2,PT-cust170705-6-20-2,51705992,customer,4fc58701-1c7b-4bc2-902b-4eac91c66546
dfsp1,cust170705-6-21-1,PT-cust170705-6-21-1,67588367,customer,2a750d35-90b8-4d04-98be-f36a35c8587a,dfsp2,cust170705-6-21-2,PT-cust170705-6-21-2,85691558,customer,e293458f-8b94-497e-b932-22ab33fe1b30
dfsp1,cust170705-6-22-1,PT-cust170705-6-22-1,742367,customer,d132fac4-e277-47c8-bf48-48d34ca38be9,dfsp2,cust170705-6-22-2,PT-cust170705-6-22-2,8131900,customer,7fed2db0-8d7e-426d-9fac-dc8cc7895121
dfsp1,cust170705-6-23-1,PT-cust170705-6-23-1,11083443,customer,c917577d-cd97-41c3-97ba-3d3d81e9cd09,dfsp2,cust170705-6-23-2,PT-cust170705-6-23-2,38152271,customer,3349b389-57fa-4e8e-98f4-da25faa5cb54
dfsp1,cust170705-6-24-1,PT-cust170705-6-24-1,86555584,customer,06cdd503-a44e-43fb-ba4b-582495acd348,dfsp2,cust170705-6-24-2,PT-cust170705-6-24-2,92748143,customer,a26a123b-d507-48ea-b549-f91e1af7294f
dfsp1,cust170705-6-25-1,PT-cust170705-6-25-1,63664675,customer,97e4953b-8758-4dfd-a065-0c4514046fb0,dfsp2,cust170705-6-25-2,PT-cust170705-6-25-2,56123944,customer,969f2dad-a5b7-4b3c-913e-516670ed2466
dfsp1,cust170705-6-26-1,PT-cust170705-6-26-1,29883785,customer,8bfc1f2c-028f-4de5-a0c6-6e8345af9054,dfsp2,cust170705-6-26-2,PT-cust170705-6-26-2,28594332,customer,52131aaf-8852-4914-82e9-46cea1063f3f
dfsp1,cust170705-6-27-1,PT-cust170705-6-27-1,11950767,customer,8497e3f0-f0d9-4c04-8a94-728a0e590b67,dfsp2,cust170705-6-27-2,PT-cust170705-6-27-2,93630158,customer,f188f261-177b-41aa-b7d0-42ad2109bf81
dfsp1,cust170705-6-28-1,PT-cust170705-6-28-1,47024641,customer,227f5cd1-3070-4e7e-b81e-5fe80fe4894e,dfsp2,cust170705-6-28-2,PT-cust170705-6-28-2,75332463,customer,276ffe65-3463-4860-a6c1-e990b8b99b98
dfsp1,cust170705-6-29-1,PT-cust170705-6-29-1,57558097,customer,06650f15-6708-4bba-be56-6a3919818cc9,dfsp2,cust170705-6-29-2,PT-cust170705-6-29-2,52132436,customer,d8460b90-f823-449f-8ae9-f370a05cb6c0
dfsp1,cust170705-6-30-1,PT-cust170705-6-30-1,54859499,customer,b8792767-f5a3-4730-aa58-32b66fb8528f,dfsp2,cust170705-6-30-2,PT-cust170705-6-30-2,12156644,customer,3f0a8ecf-046e-4a58-bd96-ae2eead0ca65
dfsp1,cust170705-6-31-1,PT-cust170705-6-31-1,30392593,customer,824f5209-38da-4ae9-bc08-c3d47fb29fef,dfsp2,cust170705-6-31-2,PT-cust170705-6-31-2,29059021,customer,479bccf2-0ecd-4f8c-825a-69aaee875e98
dfsp1,cust170705-6-32-1,PT-cust170705-6-32-1,55989804,customer,2f7841f5-6e84-47d8-b5b3-78bd22894798,dfsp2,cust170705-6-32-2,PT-cust170705-6-32-2,71411541,customer,5676025d-6fd5-418b-a37e-422dd6b5141b
dfsp1,cust170705-6-33-1,PT-cust170705-6-33-1,30012999,customer,8b111206-97cd-4b52-a9b6-3104322e5633,dfsp2,cust170705-6-33-2,PT-cust170705-6-33-2,39876050,customer,bf157a58-f6c0-43ea-8edf-6a762f6719c8
dfsp1,cust170705-6-34-1,PT-cust170705-6-34-1,59335979,customer,dbdae4b0-af3f-4342-b1f7-ec266c9e3fb8,dfsp2,cust170705-6-34-2,PT-cust170705-6-34-2,50173864,customer,aa512049-27ec-45ba-b76f-ffd9c7e31194
dfsp1,cust170705-6-35-1,PT-cust170705-6-35-1,46940024,customer,121b304c-8eef-42fe-8aab-e16f43f81978,dfsp2,cust170705-6-35-2,PT-cust170705-6-35-2,9464141,customer,0776996b-e6f9-4dbb-9a73-a243b363530e
dfsp1,cust170705-6-36-1,PT-cust170705-6-36-1,90174037,customer,2e21fbf5-3702-4a4a-9d14-8c73c543f39f,dfsp2,cust170705-6-36-2,PT-cust170705-6-36-2,55151455,customer,0e4ca3d3-f440-4fc0-9af4-a5cc28ed46fe
dfsp1,cust170705-6-37-1,PT-cust170705-6-37-1,47650310,customer,b94bef34-40af-4aa5-ac1b-c12844cdb248,dfsp2,cust170705-6-37-2,PT-cust170705-6-37-2,3102612,customer,ccfe2168-5120-414b-a408-0a7695ad1153
dfsp1,cust170705-6-38-1,PT-cust170705-6-38-1,60471930,customer,33f02dbf-21a3-4376-b50a-f9ba7f88598b,dfsp2,cust170705-6-38-2,PT-cust170705-6-38-2,99921195,customer,aaa28b65-f988-48a1-98da-5000ad100eaf
dfsp1,cust170705-6-39-1,PT-cust170705-6-39-1,21190205,customer,8870e184-8e4e-4eb3-9f77-b86cf9450714,dfsp2,cust170705-6-39-2,PT-cust170705-6-39-2,20801603,customer,a36166bf-59b0-49c3-bf7c-11da5c40a7a9
dfsp1,cust170705-6-40-1,PT-cust170705-6-40-1,83348332,customer,2b357858-2d27-4392-81c6-1e22d2d8886b,dfsp2,cust170705-6-40-2,PT-cust170705-6-40-2,38679404,customer,537d84ea-aa31-48b6-8f37-403bed9947ee
dfsp1,cust170705-6-41-1,PT-cust170705-6-41-1,4417632,customer,567372dd-0d3e-49a9-bcc2-c9ad736ade25,dfsp2,cust170705-6-41-2,PT-cust170705-6-41-2,52932172,customer,5ed11827-7498-4ae5-8266-4290d7a6b3c8
dfsp1,cust170705-6-42-1,PT-cust170705-6-42-1,38860615,customer,900cec9b-a9ef-4cf0-b212-925e952bff30,dfsp2,cust170705-6-42-2,PT-cust170705-6-42-2,5188050,customer,4a606935-e113-42e1-a8ba-46b31e53c196
dfsp1,cust170705-6-43-1,PT-cust170705-6-43-1,99687836,customer,c0c299d0-8961-415c-9825-4df63881cac1,dfsp2,cust170705-6-43-2,PT-cust170705-6-43-2,56792165,customer,22f37b1e-0064-4f62-a81d-61767aeed330
dfsp1,cust170705-6-44-1,PT-cust170705-6-44-1,70901441,customer,51c63d2a-8fb1-4c99-89d4-0345365dfa64,dfsp2,cust170705-6-44-2,PT-cust170705-6-44-2,27941059,customer,d7ce2eec-59b1-414b-8431-a4fe0a8663da
dfsp1,cust170705-6-45-1,PT-cust170705-6-45-1,18379547,customer,6895d635-4ec9-4d93-a5c7-5820dc87f041,dfsp2,cust170705-6-45-2,PT-cust170705-6-45-2,78767376,customer,52e0226b-ff81-45b1-8acf-f964e18c532c
dfsp1,cust170705-6-46-1,PT-cust170705-6-46-1,95516790,customer,a06f30f8-a7e8-41c8-8a44-217d8a289758,dfsp2,cust170705-6-46-2,PT-cust170705-6-46-2,20437853,customer,8e8e888b-7c1c-47d1-88d9-cfd360cb747d
dfsp1,cust170705-6-47-1,PT-cust170705-6-47-1,7098745,customer,483adead-cc70-43e5-854c-73c69430e3c4,dfsp2,cust170705-6-47-2,PT-cust170705-6-47-2,71332151,customer,27d8d14e-8d61-4ca7-ba68-01bd952007d3
dfsp1,cust170705-6-48-1,PT-cust170705-6-48-1,82258359,customer,3efe1aee-642d-417f-9cf1-cf7ef39181fd,dfsp2,cust170705-6-48-2,PT-cust170705-6-48-2,13068085,customer,d3d615af-4b55-4d15-b2d5-b9a38a775172
dfsp1,cust170705-6-49-1,PT-cust170705-6-49-1,19647453,customer,dc6e0a2d-2f7e-44e3-8bd9-3e6e381bfa44,dfsp2,cust170705-6-49-2,PT-cust170705-6-49-2,96644023,customer,cd23a783-6a41-4976-a52e-da0ba027f8e7
dfsp1,cust170705-6-50-1,PT-cust170705-6-50-1,70998216,customer,4aef53c6-4e95-4fdf-b5df-cc512864e053,dfsp2,cust170705-6-50-2,PT-cust170705-6-50-2,98820497,customer,7d6e94d6-edfd-4092-979b-43cebaad3154
dfsp1,cust170705-6-51-1,PT-cust170705-6-51-1,90763573,customer,b109e320-a5a4-482f-89f2-132a64fcdefa,dfsp2,cust170705-6-51-2,PT-cust170705-6-51-2,88562870,customer,fdc9d553-c8a6-4692-8d54-d35f71782734
dfsp1,cust170705-6-52-1,PT-cust170705-6-52-1,843941,customer,f706b281-24b1-4229-862e-33cbe0906bc2,dfsp2,cust170705-6-52-2,PT-cust170705-6-52-2,53893269,customer,defec64f-4a99-4a5b-a4db-270d206ab27f
dfsp1,cust170705-6-53-1,PT-cust170705-6-53-1,87180910,customer,0e458d6f-e3a3-4afd-b119-998dc0205194,dfsp2,cust170705-6-53-2,PT-cust170705-6-53-2,6096744,customer,4fca7156-af60-41cf-b809-d682839e2465
dfsp1,cust170705-6-54-1,PT-cust170705-6-54-1,39144790,customer,777d2e5c-a6e4-4739-8a6d-e0835ca6b5b6,dfsp2,cust170705-6-54-2,PT-cust170705-6-54-2,38379016,customer,a0f22dfb-05d9-407e-886e-63a2289a814a
dfsp1,cust170705-6-55-1,PT-cust170705-6-55-1,56022488,customer,8d3fbbdb-056e-4a54-ba70-89da1ab26934,dfsp2,cust170705-6-55-2,PT-cust170705-6-55-2,3974259,customer,d7f0d117-5143-468b-8cb7-3249aa03110c
dfsp1,cust170705-6-56-1,PT-cust170705-6-56-1,66499399,customer,17656292-8fe4-41ff-a3bd-14aa52a8b899,dfsp2,cust170705-6-56-2,PT-cust170705-6-56-2,56105808,customer,1e144ef4-16d6-487d-b564-9910505b061a
dfsp1,cust170705-6-57-1,PT-cust170705-6-57-1,32867798,customer,f95fe55d-972a-45dc-81d0-7c9333316c40,dfsp2,cust170705-6-57-2,PT-cust170705-6-57-2,90468886,customer,baa975ec-f099-4cdd-83de-0fcc17130640
dfsp1,cust170705-6-58-1,PT-cust170705-6-58-1,36891347,customer,168ee49c-03ce-4a82-b057-e8a21c1a05b9,dfsp2,cust170705-6-58-2,PT-cust170705-6-58-2,10483157,customer,49ad417e-8738-41da-8d2f-3189777535a0
dfsp1,cust170705-6-59-1,PT-cust170705-6-59-1,16727729,customer,fad3ad9a-d846-4161-b566-8a18a25c7eda,dfsp2,cust170705-6-59-2,PT-cust170705-6-59-2,83033866,customer,ef839050-5ed5-4d50-88c8-34c057b2b23a
dfsp1,cust170705-6-60-1,PT-cust170705-6-60-1,23416514,customer,6036ef6b-eadc-404c-a21d-247d5ab4c414,dfsp2,cust170705-6-60-2,PT-cust170705-6-60-2,64851510,customer,13a11647-c58c-4c74-a17a-a454cb79acc0
dfsp1,cust170705-6-61-1,PT-cust170705-6-61-1,11363605,customer,266eddac-bd1a-496a-aa07-994a537886a1,dfsp2,cust170705-6-61-2,PT-cust170705-6-61-2,37134068,customer,0b57abd4-ad63-428f-9d07-0bd1e5edf401
dfsp1,cust170705-6-62-1,PT-cust170705-6-62-1,56724710,customer,55a96687-65c9-4188-bc48-dd19c7b00519,dfsp2,cust170705-6-62-2,PT-cust170705-6-62-2,27732228,customer,e8c34c99-53a3-48d8-92ca-c05c34df7f7c
dfsp1,cust170705-6-63-1,PT-cust170705-6-63-1,24298526,customer,fa9596e3-851a-4b4b-88dd-7ca7d878d63e,dfsp2,cust170705-6-63-2,PT-cust170705-6-63-2,78898894,customer,22897763-8d6b-4beb-aac8-9fb765837d6b
dfsp1,cust170705-6-64-1,PT-cust170705-6-64-1,14377385,customer,f175bf50-6487-41db-a996-20e9109cbf31,dfsp2,cust170705-6-64-2,PT-cust170705-6-64-2,34487515,customer,6762f479-7e63-4524-9259-7f92fd813310
dfsp1,cust170705-6-65-1,PT-cust170705-6-65-1,34687789,customer,de38a9d7-90b1-4270-b651-51d9671f4517,dfsp2,cust170705-6-65-2,PT-cust170705-6-65-2,8003534,customer,b8d13c38-bae7-410d-85ad-12a248a3b5c0
dfsp1,cust170705-6-66-1,PT-cust170705-6-66-1,60791523,customer,5db208ac-bbf9-4cb1-9875-e5e848400bd7,dfsp2,cust170705-6-66-2,PT-cust170705-6-66-2,82050012,customer,7ea8296b-d8ff-4b6f-99e6-761cf789da40
dfsp1,cust170705-6-67-1,PT-cust170705-6-67-1,4861658,customer,0c0445c3-c581-4c93-949e-e7ae031fb7f5,dfsp2,cust170705-6-67-2,PT-cust170705-6-67-2,63574071,customer,d549213e-cc19-4536-8941-a4ae4979171f
dfsp1,cust170705-6-68-1,PT-cust170705-6-68-1,50090878,customer,9202b918-04d6-4030-8b4a-05daf97ad1b3,dfsp2,cust170705-6-68-2,PT-cust170705-6-68-2,76077383,customer,f69de985-8ca4-4d97-ad47-a3e82ccf0fe9
dfsp1,cust170705-6-69-1,PT-cust170705-6-69-1,52874714,customer,5330103a-52d4-4383-ab2b-b16f8ee76f21,dfsp2,cust170705-6-69-2,PT-cust170705-6-69-2,22586323,customer,3d7d5fe7-ed21-4bc5-a567-1dbc47d2cc88
dfsp1,cust170705-6-70-1,PT-cust170705-6-70-1,3628461,customer,0a717d31-9185-49ea-8989-778ca03ccfbc,dfsp2,cust170705-6-70-2,PT-cust170705-6-70-2,2481566,customer,aca084b9-a1d0-4a97-aaef-21e1af476b8e
dfsp1,cust170705-6-71-1,PT-cust170705-6-71-1,21153967,customer,53f1a08b-d6d3-4cbd-88d0-05a1de102999,dfsp2,cust170705-6-71-2,PT-cust170705-6-71-2,88061990,customer,90a36159-3c90-4c99-954b-78a4812e766d
dfsp1,cust170705-6-72-1,PT-cust170705-6-72-1,34077084,customer,defd2651-44e0-45b4-9af2-5cfb87764595,dfsp2,cust170705-6-72-2,PT-cust170705-6-72-2,77517836,customer,a412a3d6-1c4a-4c3a-b07b-2617cd2d7317
dfsp1,cust170705-6-73-1,PT-cust170705-6-73-1,10533109,customer,89e88e2a-ed8c-4b8c-a5e0-49f38c201435,dfsp2,cust170705-6-73-2,PT-cust170705-6-73-2,80875606,customer,fb67666d-33e6-4599-a881-e5fb3e71f96a
dfsp1,cust170705-6-74-1,PT-cust170705-6-74-1,23013642,customer,63ff20f2-f925-4603-ab56-c4407d0fd023,dfsp2,cust170705-6-74-2,PT-cust170705-6-74-2,35261712,customer,e172cdd6-f77e-47f1-8e00-f747fa8dae60
dfsp1,cust170705-6-75-1,PT-cust170705-6-75-1,92921897,customer,c90d2a5f-b035-49cf-890b-00462917af5c,dfsp2,cust170705-6-75-2,PT-cust170705-6-75-2,56083033,customer,e9301ab8-3d33-4863-a49e-97f76aac3fc6
dfsp1,cust170705-6-76-1,PT-cust170705-6-76-1,1014113,customer,8476c68d-1a79-47d4-b629-91590d887bed,dfsp2,cust170705-6-76-2,PT-cust170705-6-76-2,93070344,customer,12a96e6a-f88d-4776-9c1b-b4582267f90f
dfsp1,cust170705-6-77-1,PT-cust170705-6-77-1,34730086,customer,d62e56d5-6501-4574-8ce2-3fcc55f264ed,dfsp2,cust170705-6-77-2,PT-cust170705-6-77-2,3876869,customer,70227aea-a55f-44e1-91a1-779fe2016ed6
dfsp1,cust170705-6-78-1,PT-cust170705-6-78-1,65956014,customer,d4dc191a-bc7d-4b2d-a016-9d88f349e330,dfsp2,cust170705-6-78-2,PT-cust170705-6-78-2,36038045,customer,172c755f-7c77-4f01-b758-d3e926876c0d
dfsp1,cust170705-6-79-1,PT-cust170705-6-79-1,68218633,customer,925b670b-7cae-4c7e-918a-ef3800f7219d,dfsp2,cust170705-6-79-2,PT-cust170705-6-79-2,62784092,customer,0df39033-77f3-41cb-9034-fefd7a1f9786
dfsp1,cust170705-6-80-1,PT-cust170705-6-80-1,8406929,customer,d9897f57-c8b8-4e6f-8b2a-fe58fe50e633,dfsp2,cust170705-6-80-2,PT-cust170705-6-80-2,10027461,customer,192d7976-6702-4fa3-aa98-985781ddd95b
dfsp1,cust170705-6-81-1,PT-cust170705-6-81-1,29334532,customer,46b4dc6f-dca4-49c5-b8f3-14e9a64e64a3,dfsp2,cust170705-6-81-2,PT-cust170705-6-81-2,23532846,customer,6487766a-a249-400e-8561-8730fea554cb
dfsp1,cust170705-6-82-1,PT-cust170705-6-82-1,8287883,customer,3581ce8c-538e-4dc8-a03b-52d070ae274f,dfsp2,cust170705-6-82-2,PT-cust170705-6-82-2,89908307,customer,aeb70e32-6d3e-4af2-a8fc-6611dd456a39
dfsp1,cust170705-6-83-1,PT-cust170705-6-83-1,72369010,customer,2c58f800-7ad2-49b5-af92-e7284cacc1af,dfsp2,cust170705-6-83-2,PT-cust170705-6-83-2,22786323,customer,252ad6dc-c217-401c-9a3a-cbf83ed20ab0
dfsp1,cust170705-6-84-1,PT-cust170705-6-84-1,54348822,customer,9c353ba3-f886-4319-9b98-877bd75a5fd2,dfsp2,cust170705-6-84-2,PT-cust170705-6-84-2,35202878,customer,64aec337-a479-41fb-a467-80f1a9e77581
dfsp1,cust170705-6-85-1,PT-cust170705-6-85-1,51580195,customer,caeb6a47-5128-4004-b349-4fc7f2e84333,dfsp2,cust170705-6-85-2,PT-cust170705-6-85-2,50317019,customer,b188d4a3-77da-4734-9cc9-723b87066918
dfsp1,cust170705-6-86-1,PT-cust170705-6-86-1,34461294,customer,cc234a69-6127-45b1-8294-23c43d75c4ea,dfsp2,cust170705-6-86-2,PT-cust170705-6-86-2,91325972,customer,d1bac313-9f59-4ed5-8370-d5b94daebcc5
dfsp1,cust170705-6-87-1,PT-cust170705-6-87-1,34505436,customer,1555462f-a91b-4462-bde9-f5fa1ca493fa,dfsp2,cust170705-6-87-2,PT-cust170705-6-87-2,19585253,customer,2595416c-d23e-479c-a9a4-1f02fdd5088a
dfsp1,cust170705-6-88-1,PT-cust170705-6-88-1,38810669,customer,d95afdb6-1ae5-4f70-b5d4-6469e54decee,dfsp2,cust170705-6-88-2,PT-cust170705-6-88-2,80007150,customer,6e70f319-919f-4120-83fc-94d4c8f91598
dfsp1,cust170705-6-89-1,PT-cust170705-6-89-1,52981518,customer,fe70b947-dce5-4b0e-a7c0-6f5fdfc8bb37,dfsp2,cust170705-6-89-2,PT-cust170705-6-89-2,67773432,customer,aac52708-71c5-4597-814d-445e091c218e
dfsp1,cust170705-6-90-1,PT-cust170705-6-90-1,89158778,customer,ee14271d-1c7b-431b-a958-0acc9c00ff23,dfsp2,cust170705-6-90-2,PT-cust170705-6-90-2,20963412,customer,3a4b46e8-449b-4a69-a121-5da6f66e526b
dfsp1,cust170705-6-91-1,PT-cust170705-6-91-1,19557690,customer,ba77a6d3-2a49-4b60-b86b-3db3f1db7a6e,dfsp2,cust170705-6-91-2,PT-cust170705-6-91-2,90930380,customer,2836c2e8-58a1-4eae-9000-597d8edf458d
dfsp1,cust170705-6-92-1,PT-cust170705-6-92-1,85315161,customer,d4f6d0cf-4355-4550-8e34-8ea0a565a384,dfsp2,cust170705-6-92-2,PT-cust170705-6-92-2,19886060,customer,71d70563-cddb-4fdb-9a4b-e0a564cd24e1
dfsp1,cust170705-6-93-1,PT-cust170705-6-93-1,54389089,customer,611f2ccf-38dc-4164-88a5-5deb65f557c4,dfsp2,cust170705-6-93-2,PT-cust170705-6-93-2,20956139,customer,374d8d83-3b5a-4f2d-bad5-3542781e314f
dfsp1,cust170705-6-94-1,PT-cust170705-6-94-1,99868017,customer,91df3316-2ac0-4b28-9450-2fe18ff2a253,dfsp2,cust170705-6-94-2,PT-cust170705-6-94-2,91569138,customer,96c8d216-2be3-4e04-bf23-433b22a42348
dfsp1,cust170705-6-95-1,PT-cust170705-6-95-1,6411534,customer,2a31a4f0-b135-4a1f-8468-aa096b0e0137,dfsp2,cust170705-6-95-2,PT-cust170705-6-95-2,94136393,customer,0f7efc73-944a-49bb-9656-212ee967c465
dfsp1,cust170705-6-96-1,PT-cust170705-6-96-1,39039092,customer,14d75646-6d0c-4782-8296-7f05a065ce9a,dfsp2,cust170705-6-96-2,PT-cust170705-6-96-2,49769206,customer,08a275be-f2e4-45f8-a3fd-14fc55552e66
dfsp1,cust170705-6-97-1,PT-cust170705-6-97-1,34968019,customer,38f08f8c-980e-40af-a187-44076cfb21e0,dfsp2,cust170705-6-97-2,PT-cust170705-6-97-2,61275185,customer,65687765-d1e8-4339-b59f-a42844636994
dfsp1,cust170705-6-98-1,PT-cust170705-6-98-1,62634872,customer,8ca18674-41d4-4c8a-810b-5aa2445f7caa,dfsp2,cust170705-6-98-2,PT-cust170705-6-98-2,83362968,customer,bf4b01cb-08fe-4b97-b812-754bc6815dac
dfsp1,cust170705-6-99-1,PT-cust170705-6-99-1,61311834,customer,cd2765b9-3b0c-473b-806f-841da10af63b,dfsp2,cust170705-6-99-2,PT-cust170705-6-99-2,73782578,customer,ba20c272-85f4-422f-bd54-9d0fb4e06cb4
dfsp1,cust170705-6-100-1,PT-cust170705-6-100-1,17771711,customer,8e7f9e52-2b1d-4fe9-9180-6d5ccb3c20da,dfsp2,cust170705-6-100-2,PT-cust170705-6-100-2,83747367,customer,7d5ede82-67fd-4acd-a7c6-b300ada55bcb
dfsp1,cust170705-6-101-1,PT-cust170705-6-101-1,64569303,customer,6f94b3ef-423d-425a-b069-a13904e5a578,dfsp2,cust170705-6-101-2,PT-cust170705-6-101-2,93378378,customer,ee5cde29-3528-407e-8739-f8f8bea1dd85
dfsp1,cust170705-6-102-1,PT-cust170705-6-102-1,24109546,customer,0ae8ad6c-b03c-4536-8a37-a15a950ff3d3,dfsp2,cust170705-6-102-2,PT-cust170705-6-102-2,90861864,customer,56bd8d99-f58e-4b0d-9c05-dae5d015d7bb
dfsp1,cust170705-6-103-1,PT-cust170705-6-103-1,77687115,customer,57af67a9-61b3-4bf1-b439-9c9e5f2e2096,dfsp2,cust170705-6-103-2,PT-cust170705-6-103-2,35238289,customer,46e93ed2-7ccf-4d2f-92b7-43e7bf422b9c
dfsp1,cust170705-6-104-1,PT-cust170705-6-104-1,77702413,customer,8d88404f-cbd6-4c9f-b4cc-22df91ff3942,dfsp2,cust170705-6-104-2,PT-cust170705-6-104-2,67153963,customer,fa332cfe-038d-46a8-86cf-5168e70bd629
dfsp1,cust170705-6-105-1,PT-cust170705-6-105-1,32880185,customer,45c01805-2456-4d57-8e85-798d8539c811,dfsp2,cust170705-6-105-2,PT-cust170705-6-105-2,10868535,customer,2a9a553f-1cfe-4d70-843c-de86585feb7f
dfsp1,cust170705-6-106-1,PT-cust170705-6-106-1,18941659,customer,c1f872d7-6e10-419e-af6d-25b0f818682c,dfsp2,cust170705-6-106-2,PT-cust170705-6-106-2,42260627,customer,e8dd4bbf-9bec-43e0-8b8d-9bd216e48df1
dfsp1,cust170705-6-107-1,PT-cust170705-6-107-1,69173999,customer,5db118b3-b94c-4ccd-98a3-0014e846a1bc,dfsp2,cust170705-6-107-2,PT-cust170705-6-107-2,42783581,customer,1f23c8b5-a79c-44ee-9d00-ace7f4b98d38
dfsp1,cust170705-6-108-1,PT-cust170705-6-108-1,42515059,customer,5a59073f-e91d-445b-bbd9-b0993da71ca7,dfsp2,cust170705-6-108-2,PT-cust170705-6-108-2,7276979,customer,ee6c99ab-71af-4303-bea4-ad01a80f3225
dfsp1,cust170705-6-109-1,PT-cust170705-6-109-1,6552209,customer,f2e76692-14c6-4c88-abdb-62736a4cc84f,dfsp2,cust170705-6-109-2,PT-cust170705-6-109-2,48412540,customer,f480d1ad-2098-4c0e-a482-3823927d3a0c
dfsp1,cust170705-6-110-1,PT-cust170705-6-110-1,34819738,customer,19557918-3b0e-46b6-a2df-a7090bd916ab,dfsp2,cust170705-6-110-2,PT-cust170705-6-110-2,12428273,customer,3c3753c3-8feb-4d4a-8030-ad22646c1e48
dfsp1,cust170705-6-111-1,PT-cust170705-6-111-1,61454513,customer,327f8e47-7240-49f9-b2a0-7c75a487643c,dfsp2,cust170705-6-111-2,PT-cust170705-6-111-2,12437738,customer,feb2a981-b508-406d-a007-04394b09bcae
dfsp1,cust170705-6-112-1,PT-cust170705-6-112-1,10009989,customer,638a96e0-3361-4174-bc5f-686c4bc08c19,dfsp2,cust170705-6-112-2,PT-cust170705-6-112-2,99896643,customer,922e7a61-625f-4c42-ac76-60c2a8e783e7
dfsp1,cust170705-6-113-1,PT-cust170705-6-113-1,15235802,customer,aae5d8b5-37db-4882-98f5-7baee6fde408,dfsp2,cust170705-6-113-2,PT-cust170705-6-113-2,78452624,customer,abaa6bc7-30dc-4833-aef5-9e0e57cb1f5c
dfsp1,cust170705-6-114-1,PT-cust170705-6-114-1,5161371,customer,c34a73a2-dc30-4664-bc01-86ecb7c9e439,dfsp2,cust170705-6-114-2,PT-cust170705-6-114-2,90280543,customer,84dc37c2-95db-4603-b37b-1d05f9f289ba
dfsp1,cust170705-6-115-1,PT-cust170705-6-115-1,35194840,customer,c1a1579e-5ef6-4bf6-97a7-be3198ec07d5,dfsp2,cust170705-6-115-2,PT-cust170705-6-115-2,64094447,customer,3afa1eed-a1fc-4d09-a2c3-d81f29094e34
dfsp1,cust170705-6-116-1,PT-cust170705-6-116-1,75706759,customer,e9738dfc-623a-4cf9-a814-f3b1c627c46c,dfsp2,cust170705-6-116-2,PT-cust170705-6-116-2,3604642,customer,ea514ec5-ed81-41ae-8902-d0a2309c4e0a
dfsp1,cust170705-6-117-1,PT-cust170705-6-117-1,67514656,customer,cad8d196-6a3d-4af1-9da0-426080980406,dfsp2,cust170705-6-117-2,PT-cust170705-6-117-2,96575090,customer,0cbb6a83-a1dc-4f67-b27e-6f18918ec456
dfsp1,cust170705-6-118-1,PT-cust170705-6-118-1,50879037,customer,8255cd87-43d6-4463-a337-bad26b124e90,dfsp2,cust170705-6-118-2,PT-cust170705-6-118-2,20400425,customer,8b3eb7df-56c7-455a-ad6a-702ebcc7014a
dfsp1,cust170705-6-119-1,PT-cust170705-6-119-1,327378,customer,6d6f709d-3209-428e-973b-3318f6e1be67,dfsp2,cust170705-6-119-2,PT-cust170705-6-119-2,11038631,customer,609b5b22-8c71-41c1-95e2-b3344f878cd7
dfsp1,cust170705-6-120-1,PT-cust170705-6-120-1,11646585,customer,921db072-5744-4ab7-be07-1a64360448b7,dfsp2,cust170705-6-120-2,PT-cust170705-6-120-2,26935826,customer,8d7362b4-9147-491e-93f1-5e6af4744989
dfsp1,cust170705-6-121-1,PT-cust170705-6-121-1,87734357,customer,5aa575ef-e0a5-4be8-b0f5-3ee1068e2a43,dfsp2,cust170705-6-121-2,PT-cust170705-6-121-2,60848222,customer,e34d1286-64a9-4fa7-b21e-45caeb97634f
dfsp1,cust170705-6-122-1,PT-cust170705-6-122-1,79835590,customer,8d1d092d-b914-4232-89d3-5ac28066e514,dfsp2,cust170705-6-122-2,PT-cust170705-6-122-2,53313252,customer,f707def0-e9f4-48ed-a918-5d477d29e0fa
dfsp1,cust170705-6-123-1,PT-cust170705-6-123-1,69608798,customer,3a85346a-8be8-4c01-9ece-104d2fe5789e,dfsp2,cust170705-6-123-2,PT-cust170705-6-123-2,61428451,customer,5ed9cf42-2491-4020-a1ec-3ca33224717c
dfsp1,cust170705-6-124-1,PT-cust170705-6-124-1,47976024,customer,88623f62-5fb3-4ace-a7b1-dd3f64a114f8,dfsp2,cust170705-6-124-2,PT-cust170705-6-124-2,87100013,customer,257796cf-92cd-4436-a8d1-7ab03e9e1cb8
dfsp1,cust170705-6-125-1,PT-cust170705-6-125-1,12352485,customer,a18380fb-720d-45b8-9680-e2838e050816,dfsp2,cust170705-6-125-2,PT-cust170705-6-125-2,68553117,customer,337d49d3-88f8-4f2a-baaf-e08581439976
dfsp1,cust170705-6-126-1,PT-cust170705-6-126-1,5606574,customer,5ed265ad-25a7-4fc3-a4be-82e865a88cdb,dfsp2,cust170705-6-126-2,PT-cust170705-6-126-2,1676836,customer,9a1cc0be-62ef-4320-b78d-e14a6206ea58
dfsp1,cust170705-6-127-1,PT-cust170705-6-127-1,32252277,customer,c1dead48-9650-4dde-ba4f-8c2fc3431c4c,dfsp2,cust170705-6-127-2,PT-cust170705-6-127-2,41702591,customer,a652cdec-8bfb-4893-99db-fc6014be324f
dfsp1,cust170705-6-128-1,PT-cust170705-6-128-1,66831694,customer,dea3dcdb-8a41-4a66-8940-f004a6fb1199,dfsp2,cust170705-6-128-2,PT-cust170705-6-128-2,8507053,customer,2e9fe735-0ec8-4405-8f4e-b7f5ff5d0547
dfsp1,cust170705-6-129-1,PT-cust170705-6-129-1,48445462,customer,849b2583-8ece-40c1-bd47-b74142086803,dfsp2,cust170705-6-129-2,PT-cust170705-6-129-2,46866852,customer,a5a96d76-fccb-488b-9a26-c6b21ceb3984
dfsp1,cust170705-6-130-1,PT-cust170705-6-130-1,62152028,customer,890fda42-7962-4d7b-985b-fa471408e5db,dfsp2,cust170705-6-130-2,PT-cust170705-6-130-2,45341912,customer,0ccf8e83-6325-42bc-86ef-41da8c9d06de
dfsp1,cust170705-6-131-1,PT-cust170705-6-131-1,82012593,customer,2ec2eac3-3b01-4459-9254-ce387d37315a,dfsp2,cust170705-6-131-2,PT-cust170705-6-131-2,40195165,customer,58670772-8356-4d79-8ca9-929f07534dbb
dfsp1,cust170705-6-132-1,PT-cust170705-6-132-1,36791986,customer,711eb76c-b9fc-4e42-b7aa-44c4e628d608,dfsp2,cust170705-6-132-2,PT-cust170705-6-132-2,10504275,customer,b083d247-c264-430c-a6b8-0e0f1269dde2
dfsp1,cust170705-6-133-1,PT-cust170705-6-133-1,11509955,customer,e8406751-9ae1-4d05-8447-541edfce9b8d,dfsp2,cust170705-6-133-2,PT-cust170705-6-133-2,81561607,customer,e3a6e038-242f-4b08-83e0-4a989c839a96
dfsp1,cust170705-6-134-1,PT-cust170705-6-134-1,68352219,customer,695e32a3-16c0-466e-9e4e-ebb54c203499,dfsp2,cust170705-6-134-2,PT-cust170705-6-134-2,44712722,customer,84397bbd-aee1-409c-81ad-a4cd442a684e
dfsp1,cust170705-6-135-1,PT-cust170705-6-135-1,52220056,customer,ebf84280-34bb-49b9-99bd-671d8e2d1a4a,dfsp2,cust170705-6-135-2,PT-cust170705-6-135-2,89012258,customer,43ecec24-f4b6-4971-bdde-3b970a546425
dfsp1,cust170705-6-136-1,PT-cust170705-6-136-1,69160174,customer,bb83073e-b420-4302-afee-e41dde76b656,dfsp2,cust170705-6-136-2,PT-cust170705-6-136-2,29624817,customer,6ca2951b-3c6e-4593-828c-5f947ffc684e
dfsp1,cust170705-6-137-1,PT-cust170705-6-137-1,78425120,customer,dcdae430-a514-4318-ba92-13ea294d4ca1,dfsp2,cust170705-6-137-2,PT-cust170705-6-137-2,52499676,customer,f209bd1c-f924-4f25-95f0-555b591b3aa4
dfsp1,cust170705-6-138-1,PT-cust170705-6-138-1,61155168,customer,0b51f5c2-0082-4fac-8b41-53b10e8a1402,dfsp2,cust170705-6-138-2,PT-cust170705-6-138-2,81845752,customer,5c0e31af-931c-4d87-a530-9fdffce83dff
dfsp1,cust170705-6-139-1,PT-cust170705-6-139-1,82549788,customer,b1134741-43ca-4a45-81f4-cfa40cb96163,dfsp2,cust170705-6-139-2,PT-cust170705-6-139-2,41555333,customer,9c305492-90dc-422f-a7c7-95c48c3918ee
dfsp1,cust170705-6-140-1,PT-cust170705-6-140-1,17866695,customer,8c2ce23d-48b3-4b0b-a379-d1d201ed4074,dfsp2,cust170705-6-140-2,PT-cust170705-6-140-2,28016448,customer,e7429c20-b4c5-497b-9274-c0ee92c54e17
dfsp1,cust170705-6-141-1,PT-cust170705-6-141-1,99088334,customer,0381aad8-da7c-412c-bf7c-92b67b976f09,dfsp2,cust170705-6-141-2,PT-cust170705-6-141-2,95977399,customer,ea5a1e4c-1ac5-4150-a905-c592e86fc6ef
dfsp1,cust170705-6-142-1,PT-cust170705-6-142-1,65430663,customer,84c95a5a-8287-4797-91cb-cc04c9eb1403,dfsp2,cust170705-6-142-2,PT-cust170705-6-142-2,43117657,customer,6f97373e-1e55-4f9c-9e25-8843bde2f212
dfsp1,cust170705-6-143-1,PT-cust170705-6-143-1,8022905,customer,36797d73-2094-413e-9419-64d746c5ad5e,dfsp2,cust170705-6-143-2,PT-cust170705-6-143-2,26316992,customer,6552f446-2f94-482a-a7a4-d1793cc8bc89
dfsp1,cust170705-6-144-1,PT-cust170705-6-144-1,59287244,customer,9a289afe-c5a4-468b-a179-c15acce8e118,dfsp2,cust170705-6-144-2,PT-cust170705-6-144-2,76763655,customer,b6474bcd-4c78-4cce-8282-1ec1bbfbe81a
dfsp1,cust170705-6-145-1,PT-cust170705-6-145-1,91138775,customer,49c72fb6-f705-4de1-a007-000f9aa9d5fc,dfsp2,cust170705-6-145-2,PT-cust170705-6-145-2,94377227,customer,525a55a0-e174-4472-9314-4b6ef82240c5
dfsp1,cust170705-6-146-1,PT-cust170705-6-146-1,85272321,customer,e4f80c7b-9245-4c2a-9c15-4f1c1b1f578c,dfsp2,cust170705-6-146-2,PT-cust170705-6-146-2,27698358,customer,4748eee7-bd1a-49f8-93c7-48549bb57a2a
dfsp1,cust170705-6-147-1,PT-cust170705-6-147-1,62613945,customer,a996e23a-5d3e-4c0f-9e57-98b5892cfb66,dfsp2,cust170705-6-147-2,PT-cust170705-6-147-2,74810144,customer,427f3214-5de0-4c18-9f11-b612d7ca274f
dfsp1,cust170705-6-148-1,PT-cust170705-6-148-1,29703607,customer,54595c7c-8503-491c-aac2-0789caf08b8b,dfsp2,cust170705-6-148-2,PT-cust170705-6-148-2,88519295,customer,78b61502-22a4-4593-abba-a51c50bc9daa
dfsp1,cust170705-6-149-1,PT-cust170705-6-149-1,78064758,customer,22a8fb9d-494b-4e6c-8d1a-1da286c7d843,dfsp2,cust170705-6-149-2,PT-cust170705-6-149-2,61197596,customer,21058d6e-c609-4171-8a96-4be5a6be8a69
dfsp1,cust170705-6-150-1,PT-cust170705-6-150-1,33738182,customer,b2a1eb12-d1a5-4664-9bb1-118411bfa383,dfsp2,cust170705-6-150-2,PT-cust170705-6-150-2,52340562,customer,5c42ad0f-38b2-4ef5-acf7-6f5a69dc1e18
dfsp1,cust170705-6-151-1,PT-cust170705-6-151-1,3365413,customer,7aee6f6b-22eb-49ad-8c57-deb84ad93cdf,dfsp2,cust170705-6-151-2,PT-cust170705-6-151-2,13035076,customer,e64ffbbd-01d1-46a8-a363-e52dfa41bdf9
dfsp1,cust170705-6-152-1,PT-cust170705-6-152-1,46610231,customer,8c56c4c3-708c-47f7-9891-eccfc5cfe828,dfsp2,cust170705-6-152-2,PT-cust170705-6-152-2,17294916,customer,3930f526-8300-43c8-a408-00461fa5eb5c
dfsp1,cust170705-6-153-1,PT-cust170705-6-153-1,96806541,customer,ff6171e3-595b-42db-b904-a97002b7ef31,dfsp2,cust170705-6-153-2,PT-cust170705-6-153-2,19041665,customer,cbac7b3c-0062-4ce2-8fd4-2824fbd04a55
dfsp1,cust170705-6-154-1,PT-cust170705-6-154-1,62897532,customer,3ecd4c79-e606-40fa-8992-57782677ff28,dfsp2,cust170705-6-154-2,PT-cust170705-6-154-2,55683433,customer,8749804f-d4fd-4894-8a6f-d579557482a3
dfsp1,cust170705-6-155-1,PT-cust170705-6-155-1,27479014,customer,21d9ff3c-1862-4f43-a6cf-8e86c2c08fcc,dfsp2,cust170705-6-155-2,PT-cust170705-6-155-2,67753140,customer,d9d076c6-d374-435a-8198-b94d4cce2293
dfsp1,cust170705-6-156-1,PT-cust170705-6-156-1,4437411,customer,e3607814-7b5f-4e05-a4a9-6a8ad6520073,dfsp2,cust170705-6-156-2,PT-cust170705-6-156-2,21182633,customer,09851b01-65cb-4b76-abfa-5d94b9caa108
dfsp1,cust170705-6-157-1,PT-cust170705-6-157-1,68670479,customer,74d91ae1-84a3-4eec-bc50-0a0ae49f3929,dfsp2,cust170705-6-157-2,PT-cust170705-6-157-2,60249352,customer,52719a77-add0-4046-b03c-b8055675eef0
dfsp1,cust170705-6-158-1,PT-cust170705-6-158-1,78906435,customer,7b7b3ffd-b1e4-4d3a-ac4b-abdb929e9c88,dfsp2,cust170705-6-158-2,PT-cust170705-6-158-2,71694011,customer,f58f98cd-6dbc-4a00-aa02-dd846378f918
dfsp1,cust170705-6-159-1,PT-cust170705-6-159-1,2292689,customer,f8a645f4-8fcb-421d-9836-d4f9ce6daedb,dfsp2,cust170705-6-159-2,PT-cust170705-6-159-2,16548720,customer,517ea133-777c-442d-95cd-8e8e6b54494e
dfsp1,cust170705-6-160-1,PT-cust170705-6-160-1,10374893,customer,dda21516-f385-4d1a-ba6d-08413263598a,dfsp2,cust170705-6-160-2,PT-cust170705-6-160-2,35804391,customer,cb86889a-bd58-4244-a38d-4b4b6f43ba78
dfsp1,cust170705-6-161-1,PT-cust170705-6-161-1,52510715,customer,3c990c20-58e6-4b07-8924-9c4e5b8ea468,dfsp2,cust170705-6-161-2,PT-cust170705-6-161-2,12340079,customer,24fbfa8c-b5ab-4af0-91dd-4f2a715d5565
dfsp1,cust170705-6-162-1,PT-cust170705-6-162-1,97701696,customer,9f50c966-3e39-49d9-ab60-5d668cb6c046,dfsp2,cust170705-6-162-2,PT-cust170705-6-162-2,45670360,customer,eaf90853-fde8-4e06-9540-624c631e93c2
dfsp1,cust170705-6-163-1,PT-cust170705-6-163-1,27008730,customer,2a754c8b-1c97-4737-9acb-f66b8970d9a2,dfsp2,cust170705-6-163-2,PT-cust170705-6-163-2,75395144,customer,d628cd17-cd8c-41f8-ab49-f021dca6d28a
dfsp1,cust170705-6-164-1,PT-cust170705-6-164-1,93888400,customer,b9ceb3f7-a44b-43e3-8533-c39b0c79da53,dfsp2,cust170705-6-164-2,PT-cust170705-6-164-2,72145436,customer,0acfa5d2-75da-4284-b124-49580d25268c
dfsp1,cust170705-6-165-1,PT-cust170705-6-165-1,67309949,customer,1dfa8d61-4a90-4e4e-a21f-96d75249a0e1,dfsp2,cust170705-6-165-2,PT-cust170705-6-165-2,97884269,customer,9070654b-efcc-4e1a-a8cc-50fac294e9c1
dfsp1,cust170705-6-166-1,PT-cust170705-6-166-1,66400630,customer,89ab8686-99d9-4624-afb5-e76f2f7e571c,dfsp2,cust170705-6-166-2,PT-cust170705-6-166-2,45073880,customer,d89c38b9-8ad1-4fdb-bf4f-4147a0716bed
dfsp1,cust170705-6-167-1,PT-cust170705-6-167-1,19007557,customer,bfcdab00-ddfd-4395-b831-36113163d308,dfsp2,cust170705-6-167-2,PT-cust170705-6-167-2,43690371,customer,1cd71266-9555-4eca-b534-3bcf0b3eab2a
dfsp1,cust170705-6-168-1,PT-cust170705-6-168-1,5276995,customer,5c0a7e49-d56a-4800-97df-f995a83c001f,dfsp2,cust170705-6-168-2,PT-cust170705-6-168-2,75996943,customer,6aee22a8-f89b-40f0-b109-15a461ab7bbc
dfsp1,cust170705-6-169-1,PT-cust170705-6-169-1,24171124,customer,110d7bfc-dfad-4b81-bc36-b88dfd1f715e,dfsp2,cust170705-6-169-2,PT-cust170705-6-169-2,4140622,customer,774b924b-2056-4723-ba3c-b828fb9e7ed6
dfsp1,cust170705-6-170-1,PT-cust170705-6-170-1,65667759,customer,11d3137a-5f22-4dfb-86dc-ee3a8254a868,dfsp2,cust170705-6-170-2,PT-cust170705-6-170-2,60808611,customer,ecd23396-9b06-4a5d-86d6-6ea482778a38
dfsp1,cust170705-6-171-1,PT-cust170705-6-171-1,52765165,customer,3c091f5e-0621-4788-adfe-a714f946fa84,dfsp2,cust170705-6-171-2,PT-cust170705-6-171-2,59023863,customer,71e126b9-187f-40bf-96cd-afb7aa51ac22
dfsp1,cust170705-6-172-1,PT-cust170705-6-172-1,34135183,customer,e38defba-a2d1-45cc-8269-6317d52e20ec,dfsp2,cust170705-6-172-2,PT-cust170705-6-172-2,66888067,customer,4b9424ca-fd54-488a-b1ad-24961e78e1ae
dfsp1,cust170705-6-173-1,PT-cust170705-6-173-1,36866729,customer,3ed3b3a8-a1ea-43d3-ade6-7d56c205a604,dfsp2,cust170705-6-173-2,PT-cust170705-6-173-2,77683414,customer,ccc0031c-94ab-4138-87d7-7801969e0565
dfsp1,cust170705-6-174-1,PT-cust170705-6-174-1,15473404,customer,792d0a79-7da0-47e8-a8a0-5b6a06f265b7,dfsp2,cust170705-6-174-2,PT-cust170705-6-174-2,25138375,customer,bb81f795-3dc2-4bd5-8782-2dfcc22b9e20
dfsp1,cust170705-6-175-1,PT-cust170705-6-175-1,78120275,customer,932e8545-13e9-4972-9d60-14e59206a50d,dfsp2,cust170705-6-175-2,PT-cust170705-6-175-2,33996927,customer,23b01a55-1b9b-466f-a392-131256273049
dfsp1,cust170705-6-176-1,PT-cust170705-6-176-1,78200360,customer,658223d0-ef9b-4ad3-9297-1f726d55a497,dfsp2,cust170705-6-176-2,PT-cust170705-6-176-2,52112577,customer,ad0cdfaf-0eba-4fb0-b345-c88404e36821
dfsp1,cust170705-6-177-1,PT-cust170705-6-177-1,9795273,customer,31c8a8ae-4987-4405-bead-3769515481b8,dfsp2,cust170705-6-177-2,PT-cust170705-6-177-2,75911379,customer,0ad33afd-fce3-4222-87a9-c6ac3eaa1a40
dfsp1,cust170705-6-178-1,PT-cust170705-6-178-1,91421185,customer,6976c50b-3e2c-4202-aa83-3932a5567ac6,dfsp2,cust170705-6-178-2,PT-cust170705-6-178-2,98505852,customer,cfb9c56d-fe29-448d-b2de-4a03eb31d77b
dfsp1,cust170705-6-179-1,PT-cust170705-6-179-1,72763824,customer,bd359176-c4ed-4145-94fe-7de1580a0da7,dfsp2,cust170705-6-179-2,PT-cust170705-6-179-2,42541257,customer,b570d4c1-9088-46a3-95e1-e3044dfc29ed
dfsp1,cust170705-6-180-1,PT-cust170705-6-180-1,85141589,customer,16a8d38f-1f43-4391-9aee-497659e37cf3,dfsp2,cust170705-6-180-2,PT-cust170705-6-180-2,29274882,customer,ff6708e8-6849-4a32-98a1-ac80a5567f37
dfsp1,cust170705-6-181-1,PT-cust170705-6-181-1,42980913,customer,b71a478d-330e-441f-bfc9-25fabb3fd190,dfsp2,cust170705-6-181-2,PT-cust170705-6-181-2,8167192,customer,6219a1c0-dbf4-42d5-be7a-f73fa1c845d0
dfsp1,cust170705-6-182-1,PT-cust170705-6-182-1,45264827,customer,5b272462-ca29-42c1-8e07-b0b92277b064,dfsp2,cust170705-6-182-2,PT-cust170705-6-182-2,52714852,customer,17dbf449-1856-4655-b17b-512c8484927e
dfsp1,cust170705-6-183-1,PT-cust170705-6-183-1,24740919,customer,bdb54f8c-3d6a-4a24-9d68-af23f63c883a,dfsp2,cust170705-6-183-2,PT-cust170705-6-183-2,30281575,customer,15b51cf1-fb91-4d5b-8620-108edc3bb144
dfsp1,cust170705-6-184-1,PT-cust170705-6-184-1,54921199,customer,bcdac241-bb2a-4861-8ed8-a9585b925af3,dfsp2,cust170705-6-184-2,PT-cust170705-6-184-2,7754075,customer,4bf4f94a-a3cf-4035-809b-7a005974e3e2
dfsp1,cust170705-6-185-1,PT-cust170705-6-185-1,40413888,customer,45492cea-4071-4ba5-a5f2-34b66c368918,dfsp2,cust170705-6-185-2,PT-cust170705-6-185-2,84550637,customer,0b79942f-974c-410b-afe4-7ae1a002f478
dfsp1,cust170705-6-186-1,PT-cust170705-6-186-1,22447236,customer,40a1eb45-2079-496f-8549-afdbe16577dd,dfsp2,cust170705-6-186-2,PT-cust170705-6-186-2,11563230,customer,37fd3ee6-11d3-4d2a-ad61-607043613d2c
dfsp1,cust170705-6-187-1,PT-cust170705-6-187-1,23745275,customer,b0c6c9fa-b58b-4778-95aa-6b339a3de675,dfsp2,cust170705-6-187-2,PT-cust170705-6-187-2,57684941,customer,187aba19-7087-4fde-b2cf-af47a70f808c
dfsp1,cust170705-6-188-1,PT-cust170705-6-188-1,36119211,customer,3c282fb7-3fd3-4d7c-89c8-d65eeb2f0c85,dfsp2,cust170705-6-188-2,PT-cust170705-6-188-2,74151516,customer,a3ffbe77-02b9-4acc-a4c1-149fc07ba386
dfsp1,cust170705-6-189-1,PT-cust170705-6-189-1,68628001,customer,42f66aa9-b057-4baa-83fe-0a5ba7cb79d4,dfsp2,cust170705-6-189-2,PT-cust170705-6-189-2,95645870,customer,f81fac94-b5cb-41cd-bdf5-aaa8420c074f
dfsp1,cust170705-6-190-1,PT-cust170705-6-190-1,56570165,customer,9a542982-2dcf-4f2d-92ec-49b89a776fed,dfsp2,cust170705-6-190-2,PT-cust170705-6-190-2,59148646,customer,a6c0048c-ff84-4bed-9ddd-601728c7fe93
dfsp1,cust170705-6-191-1,PT-cust170705-6-191-1,38603912,customer,021ec9da-c44c-40f4-a501-72ae0b0903fe,dfsp2,cust170705-6-191-2,PT-cust170705-6-191-2,51907227,customer,42056497-14ad-463f-9358-d7481f190cb8
dfsp1,cust170705-6-192-1,PT-cust170705-6-192-1,91634370,customer,f7dd3abc-53ae-4e95-8eba-d30fa52e57fc,dfsp2,cust170705-6-192-2,PT-cust170705-6-192-2,26037548,customer,9a8b002b-970d-4f23-854f-38ce3bc246a7
dfsp1,cust170705-6-193-1,PT-cust170705-6-193-1,6242151,customer,096bf5eb-0717-4b04-af47-5986b877e29a,dfsp2,cust170705-6-193-2,PT-cust170705-6-193-2,5525839,customer,badaf526-e114-47a1-aefd-45dbb48057b3
dfsp1,cust170705-6-194-1,PT-cust170705-6-194-1,18486955,customer,59a7917e-5946-4d72-ab97-b4232bfe4afb,dfsp2,cust170705-6-194-2,PT-cust170705-6-194-2,55830800,customer,8185ca11-11c8-45d2-a415-6386dc5d0f57
dfsp1,cust170705-6-195-1,PT-cust170705-6-195-1,45078848,customer,d406708a-9167-4698-abd0-5de9471700af,dfsp2,cust170705-6-195-2,PT-cust170705-6-195-2,45932604,customer,e7937472-33de-4992-ac08-94fc7f1ceab8
dfsp1,cust170705-6-196-1,PT-cust170705-6-196-1,77834543,customer,df3f1df3-a0c7-4b73-af35-b1fcde0451b0,dfsp2,cust170705-6-196-2,PT-cust170705-6-196-2,47084936,customer,cfc48ec1-c3cb-4cee-ba2b-42e25a7c659a
dfsp1,cust170705-6-197-1,PT-cust170705-6-197-1,38065272,customer,ec5de4a5-975a-4135-8051-8dd52c2537e6,dfsp2,cust170705-6-197-2,PT-cust170705-6-197-2,38454807,customer,0a164b4a-3c22-48ad-973c-4b2573d588be
dfsp1,cust170705-6-198-1,PT-cust170705-6-198-1,34421593,customer,cc8bddf4-dfaa-4cd7-a5a5-4e652d239cc8,dfsp2,cust170705-6-198-2,PT-cust170705-6-198-2,98389976,customer,27ad4626-7daa-4624-9f7c-adefef08b81a
dfsp1,cust170705-6-199-1,PT-cust170705-6-199-1,98622404,customer,93bd38c7-ddba-4e23-ab45-4a99978c745f,dfsp2,cust170705-6-199-2,PT-cust170705-6-199-2,80279047,customer,401bcf5e-e751-41d1-ab08-4be27e817967
dfsp1,cust170705-6-200-1,PT-cust170705-6-200-1,97921191,customer,cafd42bb-bdc5-4bba-939d-072ebfd45d61,dfsp2,cust170705-6-200-2,PT-cust170705-6-200-2,21308068,customer,d9b6b95d-b5d3-4f77-80d1-a1063f1d1309
dfsp1,cust170705-6-201-1,PT-cust170705-6-201-1,39499695,customer,25c3178f-0e93-4b3f-a1c0-136576d82cf7,dfsp2,cust170705-6-201-2,PT-cust170705-6-201-2,51084228,customer,38f600a2-4389-445b-b8ae-2f31009b2c68
dfsp1,cust170705-6-202-1,PT-cust170705-6-202-1,57078985,customer,9aff97a0-48ea-49e6-9a30-557d1e0e010a,dfsp2,cust170705-6-202-2,PT-cust170705-6-202-2,9782751,customer,683c8e36-84f9-4b82-b1b8-a7fe68755449
dfsp1,cust170705-6-203-1,PT-cust170705-6-203-1,63544817,customer,b1313655-ea94-400c-8644-290f39418be5,dfsp2,cust170705-6-203-2,PT-cust170705-6-203-2,27049126,customer,4a273bc5-0a6a-4a46-8865-d9ba9269f9fd
dfsp1,cust170705-6-204-1,PT-cust170705-6-204-1,87979232,customer,4cb0df04-d07d-4e80-ade7-843d4d652ecc,dfsp2,cust170705-6-204-2,PT-cust170705-6-204-2,64724138,customer,9b4857d4-4357-4f67-914a-9cf2bf0b5054
dfsp1,cust170705-6-205-1,PT-cust170705-6-205-1,80357462,customer,1d2bb116-857a-47be-82b8-01e154eaa4de,dfsp2,cust170705-6-205-2,PT-cust170705-6-205-2,38907129,customer,af4511b6-42f4-4c66-9796-9db87332b985
dfsp1,cust170705-6-206-1,PT-cust170705-6-206-1,97641375,customer,9d1577dc-ff0d-4890-8a06-19585374f505,dfsp2,cust170705-6-206-2,PT-cust170705-6-206-2,13792334,customer,674664e5-3043-43b3-b19b-3ff1fd0202e0
dfsp1,cust170705-6-207-1,PT-cust170705-6-207-1,70042385,customer,aac2de8d-3abf-4b9b-9e48-5400e497bc7d,dfsp2,cust170705-6-207-2,PT-cust170705-6-207-2,89322132,customer,8ba26e24-f3c6-4dd4-bb67-f0cdd2d319a9
dfsp1,cust170705-6-208-1,PT-cust170705-6-208-1,33007536,customer,b13bcab3-fc64-4c90-90fb-d979f0f0d2fa,dfsp2,cust170705-6-208-2,PT-cust170705-6-208-2,87375728,customer,69e43663-0993-4bf4-a68e-bee265811164
dfsp1,cust170705-6-209-1,PT-cust170705-6-209-1,3087190,customer,bcbee990-bf94-4b97-bc53-11fe4f3528d0,dfsp2,cust170705-6-209-2,PT-cust170705-6-209-2,59774777,customer,71f964e2-f84f-42bd-886c-de480e41a3a5
dfsp1,cust170705-6-210-1,PT-cust170705-6-210-1,63202927,customer,d2b0589a-0f25-47d8-9713-98f714edd5a4,dfsp2,cust170705-6-210-2,PT-cust170705-6-210-2,79709414,customer,9aa04268-37a4-4f91-a3f5-36ed5da539d1
dfsp1,cust170705-6-211-1,PT-cust170705-6-211-1,55429517,customer,40090945-3dca-4f74-a95e-9272b01641d3,dfsp2,cust170705-6-211-2,PT-cust170705-6-211-2,58514539,customer,68fde733-cedd-42e8-9924-ae2a3a86ed1d
dfsp1,cust170705-6-212-1,PT-cust170705-6-212-1,27465067,customer,8095a87e-ecc6-4dca-96a4-e858120b7ab7,dfsp2,cust170705-6-212-2,PT-cust170705-6-212-2,12866457,customer,7c40a657-e9ad-4f50-ab23-ceefad91dd32
dfsp1,cust170705-6-213-1,PT-cust170705-6-213-1,77064923,customer,ba40760a-e27f-4f77-8963-cacb6be99934,dfsp2,cust170705-6-213-2,PT-cust170705-6-213-2,29816302,customer,75008add-4990-4e08-9b0f-a9e5f651fe4c
dfsp1,cust170705-6-214-1,PT-cust170705-6-214-1,43219766,customer,8f666458-5126-44ec-8714-bf215cac17cc,dfsp2,cust170705-6-214-2,PT-cust170705-6-214-2,66635448,customer,15e66c50-7866-4f9d-88cb-306343b6feac
dfsp1,cust170705-6-215-1,PT-cust170705-6-215-1,53875122,customer,48ceeb5e-906f-4dbc-9617-f3ceff1ff1a8,dfsp2,cust170705-6-215-2,PT-cust170705-6-215-2,39692515,customer,7d4716ba-063f-4f71-af1f-2b82e131cea5
dfsp1,cust170705-6-216-1,PT-cust170705-6-216-1,26018716,customer,a3d543db-44ab-492c-995b-c20ea5edc57a,dfsp2,cust170705-6-216-2,PT-cust170705-6-216-2,68431702,customer,d0c88dcd-fa3b-459a-9b0e-b71b6347ca14
dfsp1,cust170705-6-217-1,PT-cust170705-6-217-1,92017436,customer,f1fee827-a089-4a83-915a-dd5e0c1c1ab0,dfsp2,cust170705-6-217-2,PT-cust170705-6-217-2,36717900,customer,76b61ca7-e119-46e5-a575-2ac8e563feda
dfsp1,cust170705-6-218-1,PT-cust170705-6-218-1,28332350,customer,96b54dea-f5f0-4f9f-9dcf-48a95a7c280d,dfsp2,cust170705-6-218-2,PT-cust170705-6-218-2,47356143,customer,4e45528c-f3b9-4633-9247-4df2cc86022d
dfsp1,cust170705-6-219-1,PT-cust170705-6-219-1,91017864,customer,b7a4f649-bd04-4648-8875-52632dd3e877,dfsp2,cust170705-6-219-2,PT-cust170705-6-219-2,44079165,customer,01b6dfed-7e28-4637-9f66-31c55f084d4a
dfsp1,cust170705-6-220-1,PT-cust170705-6-220-1,99272685,customer,00be0a3f-bcd5-459d-b7dc-8c888ef2ea25,dfsp2,cust170705-6-220-2,PT-cust170705-6-220-2,62483086,customer,d34638fb-bc63-4d7d-91f0-bc09053054fa
dfsp1,cust170705-6-221-1,PT-cust170705-6-221-1,2504292,customer,26827c7e-a8da-4e9d-b42f-6d9149af219d,dfsp2,cust170705-6-221-2,PT-cust170705-6-221-2,75034145,customer,084291d0-6a38-458a-9f24-1fbff578a1bb
dfsp1,cust170705-6-222-1,PT-cust170705-6-222-1,18769711,customer,0b9e1e92-2280-4f5d-abfb-3502f32e4548,dfsp2,cust170705-6-222-2,PT-cust170705-6-222-2,27314620,customer,1f36ae1b-dd48-40d4-90c7-df832de21ea5
dfsp1,cust170705-6-223-1,PT-cust170705-6-223-1,19888154,customer,fa1d9ac8-7f0d-419f-a681-145568170c7b,dfsp2,cust170705-6-223-2,PT-cust170705-6-223-2,19428778,customer,ef899f90-5880-4c85-ad7b-1aae3c20b787
dfsp1,cust170705-6-224-1,PT-cust170705-6-224-1,58881485,customer,3b020b6d-33ad-4185-aeb8-efd473b2a08d,dfsp2,cust170705-6-224-2,PT-cust170705-6-224-2,26266972,customer,2fd387fc-631e-4f15-b36a-e873efdfc2bb
dfsp1,cust170705-6-225-1,PT-cust170705-6-225-1,90617771,customer,c3be0dc0-5cdf-4360-9cd4-4514da59d00d,dfsp2,cust170705-6-225-2,PT-cust170705-6-225-2,11758128,customer,3890e20d-82f9-468d-b331-43b286165366
dfsp1,cust170705-6-226-1,PT-cust170705-6-226-1,65401234,customer,b81e3fac-6dd2-4803-8e38-9b12fcf4be71,dfsp2,cust170705-6-226-2,PT-cust170705-6-226-2,52916708,customer,1e3c9230-07b7-481f-b519-90aa2f17f58a
dfsp1,cust170705-6-227-1,PT-cust170705-6-227-1,90521560,customer,2f2b3781-9162-4cb0-a4ea-e3cb9090da8d,dfsp2,cust170705-6-227-2,PT-cust170705-6-227-2,2462268,customer,fa686098-a413-4318-be9d-0fc6e90ebb68
dfsp1,cust170705-6-228-1,PT-cust170705-6-228-1,71881441,customer,10b489b7-7b67-4e20-b14f-c34d4374ec03,dfsp2,cust170705-6-228-2,PT-cust170705-6-228-2,24914772,customer,a6cbdf78-54b6-43b2-bcd2-4788876b891a
dfsp1,cust170705-6-229-1,PT-cust170705-6-229-1,19078938,customer,494f4552-7aaa-4ee7-82a3-429f9d79929a,dfsp2,cust170705-6-229-2,PT-cust170705-6-229-2,63365207,customer,45ce5e35-9256-4d6c-a085-3110bb1f8214
dfsp1,cust170705-6-230-1,PT-cust170705-6-230-1,11401628,customer,d15975e2-f6ba-4ea6-ac88-42c23859df61,dfsp2,cust170705-6-230-2,PT-cust170705-6-230-2,23952229,customer,b431a737-0d84-4075-8ebd-6e7c24964e18
dfsp1,cust170705-6-231-1,PT-cust170705-6-231-1,15425747,customer,cb6cae96-d413-4236-b124-ab570cd03d29,dfsp2,cust170705-6-231-2,PT-cust170705-6-231-2,33297867,customer,da4162fb-6103-473e-bcdc-87e2b278ae2d
dfsp1,cust170705-6-232-1,PT-cust170705-6-232-1,48693357,customer,df1e0660-2b2b-4670-b27c-8a624018971f,dfsp2,cust170705-6-232-2,PT-cust170705-6-232-2,51188792,customer,fdb818d9-f3c8-46dc-a2b0-7568d149d333
dfsp1,cust170705-6-233-1,PT-cust170705-6-233-1,19133920,customer,775e7565-be0f-4b9e-b71e-599b2b943c82,dfsp2,cust170705-6-233-2,PT-cust170705-6-233-2,30474676,customer,f33e71a4-1a3b-41af-976c-799665897764
dfsp1,cust170705-6-234-1,PT-cust170705-6-234-1,58327511,customer,22bc5341-7a26-4d6d-b072-54b7ef863834,dfsp2,cust170705-6-234-2,PT-cust170705-6-234-2,98560525,customer,cf4f607c-3d32-4725-a9a4-d543e0d6c09c
dfsp1,cust170705-6-235-1,PT-cust170705-6-235-1,35452899,customer,9d1d0dd5-c0d7-4fa4-bc03-8375000a20a8,dfsp2,cust170705-6-235-2,PT-cust170705-6-235-2,51838442,customer,e271941d-4d34-4d50-9699-e55b3616fcb0
dfsp1,cust170705-6-236-1,PT-cust170705-6-236-1,51180946,customer,825efd08-20bf-4fd0-be3a-3fd2e5f614c0,dfsp2,cust170705-6-236-2,PT-cust170705-6-236-2,13501953,customer,4efaab41-fbac-45ef-a6e4-0dafe139d788
dfsp1,cust170705-6-237-1,PT-cust170705-6-237-1,14345986,customer,384b9cee-4446-47ff-8a05-91e266a81504,dfsp2,cust170705-6-237-2,PT-cust170705-6-237-2,61886311,customer,56d540da-47c0-4dda-8bba-f36ca84cf701
dfsp1,cust170705-6-238-1,PT-cust170705-6-238-1,53184653,customer,c2ec2c6a-66e5-4332-a1ae-f9ec45a984ff,dfsp2,cust170705-6-238-2,PT-cust170705-6-238-2,36960154,customer,a2967847-e1f2-417f-bd19-f6ddb7321ed2
dfsp1,cust170705-6-239-1,PT-cust170705-6-239-1,6456150,customer,201cfb79-e036-4448-8179-ce0f43ab640c,dfsp2,cust170705-6-239-2,PT-cust170705-6-239-2,71088206,customer,f9d1d743-fad3-40b7-918c-c7ffd1f185b5
dfsp1,cust170705-6-240-1,PT-cust170705-6-240-1,6649971,customer,7fef0efb-a888-46d5-a6bc-87e1631a6b23,dfsp2,cust170705-6-240-2,PT-cust170705-6-240-2,95570954,customer,6456369d-44de-47e2-b225-0f6aee55ffe4
dfsp1,cust170705-6-241-1,PT-cust170705-6-241-1,21305580,customer,dd76cd18-c763-4115-a1df-b9dfe4cfac38,dfsp2,cust170705-6-241-2,PT-cust170705-6-241-2,83259925,customer,a9cf6c8b-5221-4afb-b792-c01906c1c391
dfsp1,cust170705-6-242-1,PT-cust170705-6-242-1,63376695,customer,8a492ef3-150b-431a-8dcb-b3187bccc847,dfsp2,cust170705-6-242-2,PT-cust170705-6-242-2,69175152,customer,728f0abe-2736-489f-b0fd-dd4bb1a89af1
dfsp1,cust170705-6-243-1,PT-cust170705-6-243-1,29925177,customer,2d70d388-fa68-4d54-a3b8-56920ba4e851,dfsp2,cust170705-6-243-2,PT-cust170705-6-243-2,48767550,customer,44be121f-bea6-4313-bfe8-1b5d66f78527
dfsp1,cust170705-6-244-1,PT-cust170705-6-244-1,43796038,customer,9604ded8-1820-4eb8-b610-af946d0ba03f,dfsp2,cust170705-6-244-2,PT-cust170705-6-244-2,16686874,customer,68a156a5-8ede-4094-a04e-0736b34befd9
dfsp1,cust170705-6-245-1,PT-cust170705-6-245-1,87606710,customer,b3a68cc7-faeb-4843-ba76-947d9cafc9c9,dfsp2,cust170705-6-245-2,PT-cust170705-6-245-2,40536641,customer,9c1687db-5b84-4b27-96b2-f904f484771f
dfsp1,cust170705-6-246-1,PT-cust170705-6-246-1,34841366,customer,de2ace92-7cd3-4e42-964f-c271e28ed10e,dfsp2,cust170705-6-246-2,PT-cust170705-6-246-2,9991366,customer,04ac8bea-587c-4a75-b059-429750ba84c9
dfsp1,cust170705-6-247-1,PT-cust170705-6-247-1,31564967,customer,cb6785e8-c44c-4c3d-bdae-3962b439883b,dfsp2,cust170705-6-247-2,PT-cust170705-6-247-2,60258847,customer,26fd7efe-9d7c-4618-a763-3bb098c14cf4
dfsp1,cust170705-6-248-1,PT-cust170705-6-248-1,15869309,customer,ad1ff0d7-8eca-4a82-8e5e-88b7278c0c6c,dfsp2,cust170705-6-248-2,PT-cust170705-6-248-2,83174531,customer,16d5b1ed-55c9-467b-b7da-13ea7da48abc
dfsp1,cust170705-6-249-1,PT-cust170705-6-249-1,55466483,customer,2d1e202b-342a-40bf-bbb9-69196be512d4,dfsp2,cust170705-6-249-2,PT-cust170705-6-249-2,19352219,customer,4307776e-6e9a-4793-acf6-fcff691c87e7
dfsp1,cust170705-6-250-1,PT-cust170705-6-250-1,71457122,customer,4ef335ba-0cde-4004-a783-f41583488d57,dfsp2,cust170705-6-250-2,PT-cust170705-6-250-2,26715238,customer,4c86ca0e-2e4d-4035-b35c-d529ee44f35d