senderDFSP,senderName,senderAccountName,senderID,senderRoleType,senderUUID,receiverDFSP,receiverName,receiverAccountName,receiverID,receiverRoleType,receiverUUID
dfsp1,cust170629-2-1-1,PT-cust170629-2-1-1,75414537,customer,4b06486a-a6ea-454f-b238-a040dd0f7ee5,dfsp2,cust170629-2-1-2,PT-cust170629-2-1-2,1984044,customer,66102a6a-da55-448c-b719-174f59fdf952
dfsp1,cust170629-2-2-1,PT-cust170629-2-2-1,65809209,customer,b817a80b-8d6b-4e05-9b7f-18e7c5c9d411,dfsp2,cust170629-2-2-2,PT-cust170629-2-2-2,42488013,customer,fc1fc830-7894-496a-80ee-3b3678cf8910
dfsp1,cust170629-2-3-1,PT-cust170629-2-3-1,25675502,customer,61f62064-7b46-4506-a86b-171d744bc2f2,dfsp2,cust170629-2-3-2,PT-cust170629-2-3-2,26681347,customer,c1614ec2-1989-4d08-a4bd-44216cc79ee1
dfsp1,cust170629-2-4-1,PT-cust170629-2-4-1,81363399,customer,f63dd331-3d77-49b1-900e-34238ed0aa4e,dfsp2,cust170629-2-4-2,PT-cust170629-2-4-2,4574576,customer,c2e639fd-6317-4160-aea1-da5a9303d724
dfsp1,cust170629-2-5-1,PT-cust170629-2-5-1,27586330,customer,919c8f33-80f0-44c0-8396-209eaaf01416,dfsp2,cust170629-2-5-2,PT-cust170629-2-5-2,18867677,customer,58cb7e52-a650-47d5-b392-781f459b10bb
dfsp1,cust170629-2-6-1,PT-cust170629-2-6-1,67030824,customer,0d688e36-550f-4fd3-a6c2-ed5e01deed65,dfsp2,cust170629-2-6-2,PT-cust170629-2-6-2,40070449,customer,e7ebb5a9-f206-46d5-84f8-ada34b79a4bf
dfsp1,cust170629-2-7-1,PT-cust170629-2-7-1,80077743,customer,f302f0e8-d3a4-44d3-b292-e4c10488740e,dfsp2,cust170629-2-7-2,PT-cust170629-2-7-2,69779891,customer,45dab767-346c-4648-b3bb-e2960ddcdfcd
dfsp1,cust170629-2-8-1,PT-cust170629-2-8-1,21909788,customer,59ac2f03-6eef-4aea-9a6e-b57fd6288d74,dfsp2,cust170629-2-8-2,PT-cust170629-2-8-2,66258431,customer,a5cf6b05-d124-45b4-bafe-ddde8686bd4d
dfsp1,cust170629-2-9-1,PT-cust170629-2-9-1,39635708,customer,b4f66b86-e486-4836-821d-175600d86c36,dfsp2,cust170629-2-9-2,PT-cust170629-2-9-2,49365481,customer,60af0b7f-bcac-43aa-85e8-0358f8df27a1
dfsp1,cust170629-2-10-1,PT-cust170629-2-10-1,17518653,customer,56d97228-766a-424a-a699-c74f7090b7d7,dfsp2,cust170629-2-10-2,PT-cust170629-2-10-2,9951645,customer,f26a3e3d-deee-4428-8956-cadce4e2d6af
dfsp1,cust170629-2-11-1,PT-cust170629-2-11-1,33102658,customer,98cc35d0-ba5f-4469-acd3-2f14d1b12db4,dfsp2,cust170629-2-11-2,PT-cust170629-2-11-2,43727247,customer,d4f6ac48-e7c1-4df8-be9e-5b1322328cb8
dfsp1,cust170629-2-12-1,PT-cust170629-2-12-1,48643103,customer,209e82f8-782f-4847-8a75-0352885efae3,dfsp2,cust170629-2-12-2,PT-cust170629-2-12-2,48672856,customer,c6723bbf-de68-4227-89a2-2b864a1cf6dd
dfsp1,cust170629-2-13-1,PT-cust170629-2-13-1,59751710,customer,265ed297-1e39-4d3a-8a76-0bf857d0ad81,dfsp2,cust170629-2-13-2,PT-cust170629-2-13-2,91455048,customer,383b4cde-f2e5-4de4-9360-e5fc24c6b58d
dfsp1,cust170629-2-14-1,PT-cust170629-2-14-1,33841940,customer,fe41ed5f-c616-44ee-a19c-244ddc3db9cf,dfsp2,cust170629-2-14-2,PT-cust170629-2-14-2,73665041,customer,5aaf6168-23f0-4795-abe5-daf6dad77f02
dfsp1,cust170629-2-15-1,PT-cust170629-2-15-1,60372630,customer,355fdbee-8156-4450-9be3-13cd3285f555,dfsp2,cust170629-2-15-2,PT-cust170629-2-15-2,29285391,customer,54865c93-b163-4ae2-8b21-5d233c19b81a
dfsp1,cust170629-2-16-1,PT-cust170629-2-16-1,70916507,customer,80deffe6-13cb-4c6a-9456-310f2875a568,dfsp2,cust170629-2-16-2,PT-cust170629-2-16-2,73100105,customer,d2145768-8400-4708-b9e9-bfaa2ecefb60
dfsp1,cust170629-2-17-1,PT-cust170629-2-17-1,47847748,customer,be5c96f7-a38e-452f-a77f-b9b190dde2f5,dfsp2,cust170629-2-17-2,PT-cust170629-2-17-2,57847490,customer,cce91d47-cf3f-4efa-b0ad-e3c8b780b3d1
dfsp1,cust170629-2-18-1,PT-cust170629-2-18-1,9658535,customer,d2a9cd78-ddb8-4e83-9be8-d46b36b1d393,dfsp2,cust170629-2-18-2,PT-cust170629-2-18-2,88139108,customer,04ea3235-5ef6-4176-9d40-177dd3d82ef2
dfsp1,cust170629-2-19-1,PT-cust170629-2-19-1,42413918,customer,c32f692c-fbae-40a5-a43d-38363893b02a,dfsp2,cust170629-2-19-2,PT-cust170629-2-19-2,39195793,customer,73e67093-4b96-42e6-8a20-9aa763ed3cce
dfsp1,cust170629-2-20-1,PT-cust170629-2-20-1,12045964,customer,4a96dbcb-dcd6-40bb-a223-8d39ddefae42,dfsp2,cust170629-2-20-2,PT-cust170629-2-20-2,19915984,customer,3535a5f4-e364-4141-b15e-72f05c268c99
dfsp1,cust170629-2-21-1,PT-cust170629-2-21-1,76043911,customer,c9145bc4-e3ea-474e-893f-63297149d71a,dfsp2,cust170629-2-21-2,PT-cust170629-2-21-2,86693557,customer,dd474111-696f-4529-9f1b-f9785db5107f
dfsp1,cust170629-2-22-1,PT-cust170629-2-22-1,11265068,customer,c92a54bc-e58d-466e-91ce-1f4d8470287c,dfsp2,cust170629-2-22-2,PT-cust170629-2-22-2,48058143,customer,798e6fbb-b98d-4605-b32d-0074d57e8820
dfsp1,cust170629-2-23-1,PT-cust170629-2-23-1,12011102,customer,458259bf-25f3-459a-9a32-1dbaebacb35a,dfsp2,cust170629-2-23-2,PT-cust170629-2-23-2,15843392,customer,94e8865c-e7b7-4b3c-a9df-f3e1407f6787
dfsp1,cust170629-2-24-1,PT-cust170629-2-24-1,22959411,customer,079e95e7-4a0a-4f36-b84f-b69a4082b7d9,dfsp2,cust170629-2-24-2,PT-cust170629-2-24-2,34363133,customer,9d4ab00d-cb1f-4275-9f64-368f10866811
dfsp1,cust170629-2-25-1,PT-cust170629-2-25-1,5358305,customer,c65f53d9-0c0c-4cea-8e07-723e52055ec7,dfsp2,cust170629-2-25-2,PT-cust170629-2-25-2,18047697,customer,b7939dea-4efd-4569-b4e7-1401a024827b
dfsp1,cust170629-2-26-1,PT-cust170629-2-26-1,76072272,customer,6e2e0cbf-e4bf-4445-8d2c-f3397e283eda,dfsp2,cust170629-2-26-2,PT-cust170629-2-26-2,27435885,customer,7a6edcd4-08dc-45c5-b7cc-903d28a87a64
dfsp1,cust170629-2-27-1,PT-cust170629-2-27-1,26080631,customer,3222edff-8bcb-4215-b59c-06f4a1ee68e8,dfsp2,cust170629-2-27-2,PT-cust170629-2-27-2,63662145,customer,45640e39-89ea-4726-b901-590e2b0661db
dfsp1,cust170629-2-28-1,PT-cust170629-2-28-1,87933192,customer,709584eb-7c20-43af-a14e-cd061f27c8c0,dfsp2,cust170629-2-28-2,PT-cust170629-2-28-2,17224191,customer,a417b714-d38b-4e7b-b7ba-6c8df6516a7e
dfsp1,cust170629-2-29-1,PT-cust170629-2-29-1,31082125,customer,3899a0e2-613d-4840-a193-1e18c977eba7,dfsp2,cust170629-2-29-2,PT-cust170629-2-29-2,74720269,customer,046a9d97-27dc-4c55-afd6-8a20d9594ed4
dfsp1,cust170629-2-30-1,PT-cust170629-2-30-1,81999094,customer,3c0ce847-fc58-443e-9a9f-d2d0e6b03be1,dfsp2,cust170629-2-30-2,PT-cust170629-2-30-2,6870435,customer,f23ec9fe-9b72-4a47-b1d8-1a195d9f68de
dfsp1,cust170629-2-31-1,PT-cust170629-2-31-1,61113001,customer,431e7211-db89-465e-8f15-d071b09966ff,dfsp2,cust170629-2-31-2,PT-cust170629-2-31-2,32451733,customer,8c667f72-f6e3-4f5b-8fb7-2a5f787bc8c1
dfsp1,cust170629-2-32-1,PT-cust170629-2-32-1,1460767,customer,982253af-a051-4386-b2ac-d7e2aa11f0ed,dfsp2,cust170629-2-32-2,PT-cust170629-2-32-2,22250060,customer,c487f4a7-389b-44ca-a31f-37c897324a4f
dfsp1,cust170629-2-33-1,PT-cust170629-2-33-1,47533111,customer,e418bf32-94f0-4f24-9527-93b08702071b,dfsp2,cust170629-2-33-2,PT-cust170629-2-33-2,71111223,customer,8a3c7885-217d-4d94-8c1b-589328566a4f
dfsp1,cust170629-2-34-1,PT-cust170629-2-34-1,2941019,customer,d5accda5-a50c-4ed8-9567-7d0ee4c9afe9,dfsp2,cust170629-2-34-2,PT-cust170629-2-34-2,20299036,customer,de08f84c-5b23-4542-882c-c5599adaa9b4
dfsp1,cust170629-2-35-1,PT-cust170629-2-35-1,66659091,customer,1074c2e4-9c34-4b4d-9fdf-8abc4213ae8f,dfsp2,cust170629-2-35-2,PT-cust170629-2-35-2,48907965,customer,9c47707a-71d9-439c-8e59-9ca5bd4fd8db
dfsp1,cust170629-2-36-1,PT-cust170629-2-36-1,13443740,customer,c2ef8620-112c-4949-9fdf-b5a58c88433e,dfsp2,cust170629-2-36-2,PT-cust170629-2-36-2,23950089,customer,a8d438c1-779a-46da-b638-1b27e72cc19a
dfsp1,cust170629-2-37-1,PT-cust170629-2-37-1,12036422,customer,bb2123f3-addb-4b72-9d5e-17da968c6caf,dfsp2,cust170629-2-37-2,PT-cust170629-2-37-2,4780524,customer,7a7bb8b7-b1a3-4b07-b268-76564774e900
dfsp1,cust170629-2-38-1,PT-cust170629-2-38-1,55351476,customer,5dfd1ed1-e024-4c7c-b088-470bec7e1df8,dfsp2,cust170629-2-38-2,PT-cust170629-2-38-2,12864714,customer,2f9bd5b8-0cee-4143-8090-8b19ee550df9
dfsp1,cust170629-2-39-1,PT-cust170629-2-39-1,11479603,customer,a54cd71f-bdb5-4cbc-800d-4d5f7d3fe1d9,dfsp2,cust170629-2-39-2,PT-cust170629-2-39-2,20295994,customer,36e954f3-e473-4b73-abba-fed76e6fd473
dfsp1,cust170629-2-40-1,PT-cust170629-2-40-1,5033582,customer,de2264a3-c7ec-4014-bccc-591513021e42,dfsp2,cust170629-2-40-2,PT-cust170629-2-40-2,50731697,customer,ac15c29d-d05a-40d3-a7ca-cfb89112c832
dfsp1,cust170629-2-41-1,PT-cust170629-2-41-1,30582229,customer,ff52b196-a6b2-4928-8b36-7cc3fb68a23a,dfsp2,cust170629-2-41-2,PT-cust170629-2-41-2,21561362,customer,cc13f7af-8ff7-4a14-9089-aebe9df05784
dfsp1,cust170629-2-42-1,PT-cust170629-2-42-1,84129780,customer,b15a2711-f597-4877-a734-3759f5dd92e5,dfsp2,cust170629-2-42-2,PT-cust170629-2-42-2,10265313,customer,3f8b86d4-5d24-4433-a8ae-a8363c8f963e
dfsp1,cust170629-2-43-1,PT-cust170629-2-43-1,2070267,customer,8247e644-b0e7-4783-a306-7dab0cab460f,dfsp2,cust170629-2-43-2,PT-cust170629-2-43-2,38780020,customer,4d6fbf91-d404-49ad-aa98-01b8df86f438
dfsp1,cust170629-2-44-1,PT-cust170629-2-44-1,99351107,customer,5ac93dfe-0322-478b-8c18-70c8c9cf849b,dfsp2,cust170629-2-44-2,PT-cust170629-2-44-2,11888699,customer,f988e4ab-0f96-4f7e-bdf3-5bab21034964
dfsp1,cust170629-2-45-1,PT-cust170629-2-45-1,40380354,customer,f0f3b359-53e4-44e6-b841-03de56127065,dfsp2,cust170629-2-45-2,PT-cust170629-2-45-2,75775529,customer,1ea0a719-0fe9-4735-a9fa-7e2fdc982b14
dfsp1,cust170629-2-46-1,PT-cust170629-2-46-1,976603,customer,696b1dfa-9800-4bda-a359-60b88e584216,dfsp2,cust170629-2-46-2,PT-cust170629-2-46-2,87786104,customer,e369aa04-7b55-4afd-8cef-80d23cc06028
dfsp1,cust170629-2-47-1,PT-cust170629-2-47-1,50590816,customer,5cf87516-538f-4aae-9f7d-07fbb09d9029,dfsp2,cust170629-2-47-2,PT-cust170629-2-47-2,79662235,customer,58db32c2-5215-4dd0-9553-5eca7b12b992
dfsp1,cust170629-2-48-1,PT-cust170629-2-48-1,95449448,customer,ac09c86f-9b1a-4bfe-a5f4-a268f61e9082,dfsp2,cust170629-2-48-2,PT-cust170629-2-48-2,72823642,customer,88528016-12db-4ca6-bf64-99226efe3c17
dfsp1,cust170629-2-49-1,PT-cust170629-2-49-1,86273997,customer,ceeb307f-d6f1-4a7a-be18-94b0a934dcb0,dfsp2,cust170629-2-49-2,PT-cust170629-2-49-2,50731270,customer,f9fcc100-c037-4b33-a045-c5ef6dadda9f
dfsp1,cust170629-2-50-1,PT-cust170629-2-50-1,57990150,customer,1b64d447-4463-48f6-aa9d-3048e2e9b76a,dfsp2,cust170629-2-50-2,PT-cust170629-2-50-2,34054353,customer,4273feb2-c1d5-41dc-babc-d0597b4e7846
dfsp1,cust170629-2-51-1,PT-cust170629-2-51-1,73317902,customer,060634c4-13e2-417a-ad9f-7b15e62c7266,dfsp2,cust170629-2-51-2,PT-cust170629-2-51-2,21626228,customer,aca2242c-67ec-403e-b848-1bb909419beb
dfsp1,cust170629-2-52-1,PT-cust170629-2-52-1,1472042,customer,2f250485-8d63-411c-9848-5827fb3eef96,dfsp2,cust170629-2-52-2,PT-cust170629-2-52-2,61733323,customer,f9ce5e01-e2ba-4ab0-8114-8536bc9469df
dfsp1,cust170629-2-53-1,PT-cust170629-2-53-1,39027606,customer,9b599972-4e73-410f-8036-e6b5d71ce715,dfsp2,cust170629-2-53-2,PT-cust170629-2-53-2,10890537,customer,521eefe5-081e-4ae9-a89e-6a3208fbdfc3
dfsp1,cust170629-2-54-1,PT-cust170629-2-54-1,19566859,customer,617d72fb-fbab-4a55-a5bc-500e9e6b2f93,dfsp2,cust170629-2-54-2,PT-cust170629-2-54-2,57212159,customer,1754968b-a717-4665-89a8-5ddee09b0c9d
dfsp1,cust170629-2-55-1,PT-cust170629-2-55-1,13377896,customer,1f8cf01b-9ec6-496e-aba3-13129253df0c,dfsp2,cust170629-2-55-2,PT-cust170629-2-55-2,76124273,customer,8edf962a-1c2d-4c3d-b3fd-92177d3e8a00
dfsp1,cust170629-2-56-1,PT-cust170629-2-56-1,63513387,customer,01821604-c8f1-453c-bed4-3f5c967c1420,dfsp2,cust170629-2-56-2,PT-cust170629-2-56-2,18178184,customer,e0cd720e-696f-42b3-9397-ab67229f7370
dfsp1,cust170629-2-57-1,PT-cust170629-2-57-1,86822435,customer,f257550a-2c63-447f-b8f2-bb2ca5c6ebba,dfsp2,cust170629-2-57-2,PT-cust170629-2-57-2,12954648,customer,22cf9c5f-9d55-409a-a24b-a9aa6db60477
dfsp1,cust170629-2-58-1,PT-cust170629-2-58-1,83532084,customer,c69910f3-7252-459f-aef1-7f155db726c9,dfsp2,cust170629-2-58-2,PT-cust170629-2-58-2,80793717,customer,4ae9e5da-75e1-4965-a305-08b0a4dd63ca
dfsp1,cust170629-2-59-1,PT-cust170629-2-59-1,68540281,customer,26c03b2a-b81f-4f1e-8689-ea957acefab7,dfsp2,cust170629-2-59-2,PT-cust170629-2-59-2,61850541,customer,be8f285c-9758-48ce-a32a-e53d7d139b04
dfsp1,cust170629-2-60-1,PT-cust170629-2-60-1,73393008,customer,1337e1d5-8e65-4271-8a47-7057aeb83d42,dfsp2,cust170629-2-60-2,PT-cust170629-2-60-2,53526980,customer,8ad606f5-36dd-497c-988b-896571bbaca3
dfsp1,cust170629-2-61-1,PT-cust170629-2-61-1,27025614,customer,88f7e5e6-3272-4266-90b4-d9bdfeeb0a7f,dfsp2,cust170629-2-61-2,PT-cust170629-2-61-2,3117287,customer,74edf524-d4f3-4a64-b8d8-459c9dc1bc23
dfsp1,cust170629-2-62-1,PT-cust170629-2-62-1,9870623,customer,638fc61d-555c-490d-b0bf-3634df6951af,dfsp2,cust170629-2-62-2,PT-cust170629-2-62-2,20332808,customer,62097dc9-d17e-49a7-9ae5-0e2f0d1ba823
dfsp1,cust170629-2-63-1,PT-cust170629-2-63-1,98872461,customer,cb070a8c-d40a-4854-a930-e74c56c01dae,dfsp2,cust170629-2-63-2,PT-cust170629-2-63-2,35387777,customer,85ea5dfe-d226-407e-bd90-169afcc4a912
dfsp1,cust170629-2-64-1,PT-cust170629-2-64-1,65410711,customer,3d772998-c649-470d-a80a-6fadef64236b,dfsp2,cust170629-2-64-2,PT-cust170629-2-64-2,83696484,customer,e3a74a11-abad-458f-b5d8-a83ea7151b08
dfsp1,cust170629-2-65-1,PT-cust170629-2-65-1,34347080,customer,ff8a568e-1864-4139-910c-0b97e00576f7,dfsp2,cust170629-2-65-2,PT-cust170629-2-65-2,69537874,customer,a54f52ad-92a4-49dd-bfca-e743fb307085
dfsp1,cust170629-2-66-1,PT-cust170629-2-66-1,79535778,customer,bb40a456-7749-4def-a558-bc1967cbb638,dfsp2,cust170629-2-66-2,PT-cust170629-2-66-2,93939167,customer,51fc7177-742d-49c3-9a14-cc3e94d0d247
dfsp1,cust170629-2-67-1,PT-cust170629-2-67-1,98426915,customer,b1500f34-14e0-4f0e-8605-e82052048866,dfsp2,cust170629-2-67-2,PT-cust170629-2-67-2,64571877,customer,1d6574c1-773e-4f68-9abc-8c04c77f3ea0
dfsp1,cust170629-2-68-1,PT-cust170629-2-68-1,10876693,customer,304d1101-22e3-41ca-aabd-82804e56c655,dfsp2,cust170629-2-68-2,PT-cust170629-2-68-2,53619239,customer,e4969c71-0ee5-4fa0-86a6-d9fa86e61c90
dfsp1,cust170629-2-69-1,PT-cust170629-2-69-1,22810695,customer,64f39d7c-c7e1-4d7a-bac9-1def6b4a9397,dfsp2,cust170629-2-69-2,PT-cust170629-2-69-2,65168027,customer,5c1d89bf-b13c-41f0-98df-9994eaf1b5aa
dfsp1,cust170629-2-70-1,PT-cust170629-2-70-1,57433759,customer,f9279ddd-7cdd-40c4-9a75-ac418d9e53fc,dfsp2,cust170629-2-70-2,PT-cust170629-2-70-2,98233992,customer,90dba99b-1756-4d9f-98ff-91c790856400
dfsp1,cust170629-2-71-1,PT-cust170629-2-71-1,31377397,customer,2574afac-3d41-4760-800f-83a2b435f2c5,dfsp2,cust170629-2-71-2,PT-cust170629-2-71-2,84719924,customer,72116b12-c7ac-4166-9bd3-e590e554014c
dfsp1,cust170629-2-72-1,PT-cust170629-2-72-1,46451508,customer,2e0d6014-036b-410b-b43d-a0d031acbcc1,dfsp2,cust170629-2-72-2,PT-cust170629-2-72-2,47590151,customer,3d270343-5656-4dd4-8d87-db01f12aaf81
dfsp1,cust170629-2-73-1,PT-cust170629-2-73-1,85317619,customer,4a703c2e-69b3-46e8-bdab-637c31b02e9e,dfsp2,cust170629-2-73-2,PT-cust170629-2-73-2,2683772,customer,7d85a5e0-8c5e-4d45-bb74-3a5fafedb359
dfsp1,cust170629-2-74-1,PT-cust170629-2-74-1,3654057,customer,8307fb5c-8dc6-4586-8832-5b3aa136a374,dfsp2,cust170629-2-74-2,PT-cust170629-2-74-2,25557060,customer,5648bb0f-f0a5-47d2-8f7f-744f477b3b31
dfsp1,cust170629-2-75-1,PT-cust170629-2-75-1,63290500,customer,3caa193f-01c4-463d-9cb5-077680616878,dfsp2,cust170629-2-75-2,PT-cust170629-2-75-2,6655738,customer,59ed149d-aca3-4fc3-ad9c-ce3c66c48852
dfsp1,cust170629-2-76-1,PT-cust170629-2-76-1,66900031,customer,99520d1f-2fb0-4c81-98ff-4b843a03b2c5,dfsp2,cust170629-2-76-2,PT-cust170629-2-76-2,44164568,customer,84fd8c40-602e-4920-ab13-0bef2e9b1010
dfsp1,cust170629-2-77-1,PT-cust170629-2-77-1,21360102,customer,a6225a5f-0806-4846-a0b9-79beaed998cd,dfsp2,cust170629-2-77-2,PT-cust170629-2-77-2,17568981,customer,f8602eda-306f-4585-a9e0-dee1c5a370dd
dfsp1,cust170629-2-78-1,PT-cust170629-2-78-1,36707632,customer,b350adba-2b7c-49b6-be04-4d6ffd7c9981,dfsp2,cust170629-2-78-2,PT-cust170629-2-78-2,72188829,customer,c50a620d-8128-4271-a045-7afbcfde93b0
dfsp1,cust170629-2-79-1,PT-cust170629-2-79-1,13590613,customer,33d35c86-f4e5-4aed-8722-f23f8b06db4a,dfsp2,cust170629-2-79-2,PT-cust170629-2-79-2,97270961,customer,f29e1625-0fd5-4927-9360-14935f824aef
dfsp1,cust170629-2-80-1,PT-cust170629-2-80-1,55896444,customer,b9a4cbc2-e084-42c8-b561-59ed85558ed5,dfsp2,cust170629-2-80-2,PT-cust170629-2-80-2,92387081,customer,3d82e33c-f74a-4809-9762-d4774c50aeae
dfsp1,cust170629-2-81-1,PT-cust170629-2-81-1,50078692,customer,faec870d-43a3-4150-aec2-1410ead2fa37,dfsp2,cust170629-2-81-2,PT-cust170629-2-81-2,40950381,customer,c52620c3-18a8-445b-b475-4bd3b480ff2e
dfsp1,cust170629-2-82-1,PT-cust170629-2-82-1,92181808,customer,1dfbd1c1-1656-42c4-a33e-faa84def948b,dfsp2,cust170629-2-82-2,PT-cust170629-2-82-2,47914073,customer,91f3d1e4-6737-4aba-b950-e973f7b5445b
dfsp1,cust170629-2-83-1,PT-cust170629-2-83-1,29219091,customer,4422946f-45ef-49c8-9ca2-0ae1534315dc,dfsp2,cust170629-2-83-2,PT-cust170629-2-83-2,32388156,customer,2125fe9e-32d6-47e7-9aa7-d5142df129ba
dfsp1,cust170629-2-84-1,PT-cust170629-2-84-1,75618225,customer,766db5fc-cbde-4ceb-a18f-dcc7ed834194,dfsp2,cust170629-2-84-2,PT-cust170629-2-84-2,12197561,customer,58bcf031-3d06-4946-a3af-4fa506b9c5f8
dfsp1,cust170629-2-85-1,PT-cust170629-2-85-1,73288685,customer,4eec4209-c0c3-41b4-bc24-559140b4e7f3,dfsp2,cust170629-2-85-2,PT-cust170629-2-85-2,51188259,customer,769887bf-86ff-4e79-8954-76f1c7cce8de
dfsp1,cust170629-2-86-1,PT-cust170629-2-86-1,1174364,customer,c8b875e0-c67f-4ed2-b7d6-183c909e43fb,dfsp2,cust170629-2-86-2,PT-cust170629-2-86-2,24968897,customer,cabb83be-56b8-4e48-b53b-a8f7f5f8779a
dfsp1,cust170629-2-87-1,PT-cust170629-2-87-1,41247420,customer,9cc79588-9cce-4cb6-bf59-3cad6361ed94,dfsp2,cust170629-2-87-2,PT-cust170629-2-87-2,67414820,customer,38e6789a-36c2-4ace-be91-afa1a28fcec0
dfsp1,cust170629-2-88-1,PT-cust170629-2-88-1,22931815,customer,0adf4b7d-8370-4edc-9d2e-c73837f584c7,dfsp2,cust170629-2-88-2,PT-cust170629-2-88-2,95227480,customer,b280e739-c7b2-49ef-bac2-94acb0225a7e
dfsp1,cust170629-2-89-1,PT-cust170629-2-89-1,66414746,customer,8f7f774e-3486-4709-99c1-a1a78b3705d3,dfsp2,cust170629-2-89-2,PT-cust170629-2-89-2,76687335,customer,f104c827-030a-41aa-aeea-a1ed46a4c943
dfsp1,cust170629-2-90-1,PT-cust170629-2-90-1,75025481,customer,c334b9e2-8663-4d6d-877a-a5abb6d71a5f,dfsp2,cust170629-2-90-2,PT-cust170629-2-90-2,23180913,customer,8d28a9b8-492c-4c02-8cd3-6d37079aa95c
dfsp1,cust170629-2-91-1,PT-cust170629-2-91-1,53154850,customer,be0ce723-c2b0-401f-bf18-221804bd9d1e,dfsp2,cust170629-2-91-2,PT-cust170629-2-91-2,84470633,customer,cead3673-6e3a-4ad5-9af0-df2a2f908d38
dfsp1,cust170629-2-92-1,PT-cust170629-2-92-1,50510902,customer,011f8b7c-66f6-4a2b-80a0-bd8c7c89e00e,dfsp2,cust170629-2-92-2,PT-cust170629-2-92-2,34787078,customer,3bb787a0-8866-41ca-9399-6ceea492646b
dfsp1,cust170629-2-93-1,PT-cust170629-2-93-1,47314337,customer,08ce7622-cc28-40e4-800b-bfa78e99c7fd,dfsp2,cust170629-2-93-2,PT-cust170629-2-93-2,71852332,customer,9a503630-4e21-4f3d-a468-22a78b5012d4
dfsp1,cust170629-2-94-1,PT-cust170629-2-94-1,37047685,customer,e07a8605-e9ce-44c4-9e6f-8e4e4d55bb44,dfsp2,cust170629-2-94-2,PT-cust170629-2-94-2,41163110,customer,4c0f8661-da2d-4eeb-a40f-0c950a6e3fa4
dfsp1,cust170629-2-95-1,PT-cust170629-2-95-1,55259740,customer,2cb0a0fb-8cdc-45ea-bef8-ae29f8c85784,dfsp2,cust170629-2-95-2,PT-cust170629-2-95-2,6436943,customer,dc9af93d-3394-4ac6-87f6-d9ea8ee5ee25
dfsp1,cust170629-2-96-1,PT-cust170629-2-96-1,13180865,customer,ab64553f-82fb-4ca6-92d3-517b27530441,dfsp2,cust170629-2-96-2,PT-cust170629-2-96-2,21908884,customer,38a7de71-c8c4-489d-9456-8512866e960e
dfsp1,cust170629-2-97-1,PT-cust170629-2-97-1,92264203,customer,db29f586-0d91-4af9-a9ac-6e7fb78cb79e,dfsp2,cust170629-2-97-2,PT-cust170629-2-97-2,34508926,customer,e602b956-415f-490c-b172-eb84cce07796
dfsp1,cust170629-2-98-1,PT-cust170629-2-98-1,8064482,customer,0cb68f94-1684-45c6-a93c-bb4e271e63b4,dfsp2,cust170629-2-98-2,PT-cust170629-2-98-2,53404091,customer,20a283bb-366e-4f9b-9767-f43e56722f38
dfsp1,cust170629-2-99-1,PT-cust170629-2-99-1,30479742,customer,e31381e3-8387-47d2-9fbb-0dfdd78bae6d,dfsp2,cust170629-2-99-2,PT-cust170629-2-99-2,84115049,customer,0d3c3e80-8534-4774-9807-cd8c0241d146
dfsp1,cust170629-2-100-1,PT-cust170629-2-100-1,2722399,customer,5e92bc02-4543-4f04-abf4-f059683f9a7f,dfsp2,cust170629-2-100-2,PT-cust170629-2-100-2,96655224,customer,2e867876-fdfa-42a3-8139-ca9c6f64027b
dfsp1,cust170629-2-101-1,PT-cust170629-2-101-1,24663575,customer,a058bb7f-dcf5-4c58-8b6c-cd4aba6cc6ec,dfsp2,cust170629-2-101-2,PT-cust170629-2-101-2,28086145,customer,d24636f0-b936-4e21-bb2e-63d0ad605e71
dfsp1,cust170629-2-102-1,PT-cust170629-2-102-1,91785229,customer,79a0abac-c1f7-452b-a1a3-b426627bb108,dfsp2,cust170629-2-102-2,PT-cust170629-2-102-2,86189348,customer,6008eda1-85e3-4d04-ac3f-25c941879839
dfsp1,cust170629-2-103-1,PT-cust170629-2-103-1,74939564,customer,3aa0d781-6a55-46f5-abec-e8659ff601fc,dfsp2,cust170629-2-103-2,PT-cust170629-2-103-2,55330715,customer,ac0bd744-759a-4870-9a8f-0aae07500229
dfsp1,cust170629-2-104-1,PT-cust170629-2-104-1,50557205,customer,c9c32dd9-e083-42b2-9591-0bb96eba31ad,dfsp2,cust170629-2-104-2,PT-cust170629-2-104-2,20012727,customer,dd15186c-eaa7-4f53-933c-26a6632414a8
dfsp1,cust170629-2-105-1,PT-cust170629-2-105-1,30859514,customer,e889b49f-6b88-4455-b9e2-b2f21ef8751d,dfsp2,cust170629-2-105-2,PT-cust170629-2-105-2,5986768,customer,4595dc9c-d9d9-48c3-b87f-71e74cb29f0e
dfsp1,cust170629-2-106-1,PT-cust170629-2-106-1,84961290,customer,52d6de6c-dd73-47e7-b841-b2e0286b5ec5,dfsp2,cust170629-2-106-2,PT-cust170629-2-106-2,26388448,customer,8a5ac4c4-16ea-4db9-b6b3-80e168b33aa8
dfsp1,cust170629-2-107-1,PT-cust170629-2-107-1,22048636,customer,96740eaf-537b-428c-b3e9-c393cb311f5d,dfsp2,cust170629-2-107-2,PT-cust170629-2-107-2,4322240,customer,1190eaad-bb0b-4d76-820d-75216a74829a
dfsp1,cust170629-2-108-1,PT-cust170629-2-108-1,90074326,customer,1e63b7d9-960c-4e19-974a-b11de25bf968,dfsp2,cust170629-2-108-2,PT-cust170629-2-108-2,49320899,customer,35705908-08df-4402-8c8b-ce622b4a957b
dfsp1,cust170629-2-109-1,PT-cust170629-2-109-1,53829862,customer,1dd768a5-81f9-4b8f-9064-0260e6bea626,dfsp2,cust170629-2-109-2,PT-cust170629-2-109-2,95976118,customer,35fdacb2-ad3f-45b4-bd0d-a49ca90ba8ff
dfsp1,cust170629-2-110-1,PT-cust170629-2-110-1,89424108,customer,ce41593e-a4ac-4741-bb60-1ca103198f53,dfsp2,cust170629-2-110-2,PT-cust170629-2-110-2,3945125,customer,6169eeac-1766-4804-897b-948c73229271
dfsp1,cust170629-2-111-1,PT-cust170629-2-111-1,55933847,customer,7c274fab-a999-44d4-8e29-8014f21e0095,dfsp2,cust170629-2-111-2,PT-cust170629-2-111-2,17439852,customer,0d28b3e1-7293-418a-ae13-f4fa4cb5f3b1
dfsp1,cust170629-2-112-1,PT-cust170629-2-112-1,89415416,customer,e1333de5-1199-4df6-8f02-0b8dd8a3eeb0,dfsp2,cust170629-2-112-2,PT-cust170629-2-112-2,72362718,customer,91f42d0b-39dc-47e4-a7e9-b3c28ffc9d09
dfsp1,cust170629-2-113-1,PT-cust170629-2-113-1,17219880,customer,48207336-273f-47f3-8e82-9e9192c7992a,dfsp2,cust170629-2-113-2,PT-cust170629-2-113-2,6788684,customer,7bbef2a4-4e99-4f84-b221-14fe6947530b
dfsp1,cust170629-2-114-1,PT-cust170629-2-114-1,93316224,customer,412d96e1-4f05-4470-afdb-4c5aa822705b,dfsp2,cust170629-2-114-2,PT-cust170629-2-114-2,40561121,customer,fe585496-b271-4deb-80d2-3e0b4cabc259
dfsp1,cust170629-2-115-1,PT-cust170629-2-115-1,94971017,customer,e3b73e0a-9590-477d-92d9-11fae5aecfea,dfsp2,cust170629-2-115-2,PT-cust170629-2-115-2,89948656,customer,54d37891-8212-40e3-b2b0-a5c6505ac388
dfsp1,cust170629-2-116-1,PT-cust170629-2-116-1,37780476,customer,d8eea91f-6f63-48cf-8386-0420d5659461,dfsp2,cust170629-2-116-2,PT-cust170629-2-116-2,93311685,customer,8fb0bdda-14db-4cbe-8222-9f5b5258b52f
dfsp1,cust170629-2-117-1,PT-cust170629-2-117-1,56553566,customer,adae05b7-96e8-4f25-9f9c-3cd6db2beed9,dfsp2,cust170629-2-117-2,PT-cust170629-2-117-2,28884899,customer,15d0fa7a-77aa-49c2-a8f1-1bbdbfa0fec8
dfsp1,cust170629-2-118-1,PT-cust170629-2-118-1,89252222,customer,69b08323-3dfe-478f-a7f2-4231f6a23645,dfsp2,cust170629-2-118-2,PT-cust170629-2-118-2,95501968,customer,ea60918a-85d1-4c57-ab34-b097885b6190
dfsp1,cust170629-2-119-1,PT-cust170629-2-119-1,25943916,customer,8824a2c5-93f9-4346-9ffa-4c0035180aba,dfsp2,cust170629-2-119-2,PT-cust170629-2-119-2,66712588,customer,a651f8df-6fa0-4a5a-96ff-4af985cdc416
dfsp1,cust170629-2-120-1,PT-cust170629-2-120-1,3500803,customer,ef9d104d-3d96-476c-8d68-a7a5a063d640,dfsp2,cust170629-2-120-2,PT-cust170629-2-120-2,22340456,customer,0c0c6c2b-8788-4a10-a7db-607bca401773
dfsp1,cust170629-2-121-1,PT-cust170629-2-121-1,20360911,customer,d0e05302-35b8-4bc8-a580-f99ad52b1f28,dfsp2,cust170629-2-121-2,PT-cust170629-2-121-2,5690200,customer,83bda6ca-6527-4df3-8d37-c3b402aca980
dfsp1,cust170629-2-122-1,PT-cust170629-2-122-1,27570103,customer,fbb53bc8-9d2f-49ac-82d1-14a11e046b7a,dfsp2,cust170629-2-122-2,PT-cust170629-2-122-2,12811581,customer,628b267b-56e2-4754-835a-e0dd2c8bd0e2
dfsp1,cust170629-2-123-1,PT-cust170629-2-123-1,34822894,customer,4e3fb005-b36b-4786-8174-4a2bc7c8f97f,dfsp2,cust170629-2-123-2,PT-cust170629-2-123-2,94633863,customer,66276640-a42e-43cd-8b04-c87d04525c84
dfsp1,cust170629-2-124-1,PT-cust170629-2-124-1,61112055,customer,1d20362b-1ae1-4198-9a00-daf45b260e1c,dfsp2,cust170629-2-124-2,PT-cust170629-2-124-2,44914488,customer,df3a0c76-5810-403b-8e29-6c024883bab8
dfsp1,cust170629-2-125-1,PT-cust170629-2-125-1,2302292,customer,8ef31cca-ed0d-437d-8660-83cfe7e0a7df,dfsp2,cust170629-2-125-2,PT-cust170629-2-125-2,50169832,customer,11a78605-a180-4fc1-869e-0787cb8d895c
dfsp1,cust170629-2-126-1,PT-cust170629-2-126-1,60484346,customer,1e3fed37-b214-4443-b643-798ae16a03fe,dfsp2,cust170629-2-126-2,PT-cust170629-2-126-2,38778149,customer,632b5257-99f8-48df-8725-cfa302a2cfec
dfsp1,cust170629-2-127-1,PT-cust170629-2-127-1,18557759,customer,72596e1d-aa2c-4c46-a9a1-fd98f9e4b959,dfsp2,cust170629-2-127-2,PT-cust170629-2-127-2,68484397,customer,e96240f6-80a5-4281-b9a6-62da93fdcd79
dfsp1,cust170629-2-128-1,PT-cust170629-2-128-1,38404309,customer,ae392cc9-e37d-4df4-9167-146225ce3c4a,dfsp2,cust170629-2-128-2,PT-cust170629-2-128-2,55308105,customer,7f173e48-178d-45d1-b8ef-eb9501368773
dfsp1,cust170629-2-129-1,PT-cust170629-2-129-1,59399935,customer,814b9b3a-028a-4ada-918f-47cd606da0fc,dfsp2,cust170629-2-129-2,PT-cust170629-2-129-2,35793431,customer,c875479a-785d-4b87-8ab3-ffeab48778b5
dfsp1,cust170629-2-130-1,PT-cust170629-2-130-1,78552309,customer,8eb38f56-8624-4b3d-acd5-94e882793b63,dfsp2,cust170629-2-130-2,PT-cust170629-2-130-2,28881273,customer,457db43c-480a-411b-9cf1-9b9d0ebf6a2f
dfsp1,cust170629-2-131-1,PT-cust170629-2-131-1,31794462,customer,605aa1c1-8a50-421d-80eb-d1bcea8eea59,dfsp2,cust170629-2-131-2,PT-cust170629-2-131-2,54193241,customer,27ee30b7-3448-41a7-8d63-74b537329bff
dfsp1,cust170629-2-132-1,PT-cust170629-2-132-1,42731043,customer,bb048c58-95c5-48e8-863c-3dd87e04fac7,dfsp2,cust170629-2-132-2,PT-cust170629-2-132-2,67631180,customer,1e52de01-2464-4726-907e-ec94c0b598f5
dfsp1,cust170629-2-133-1,PT-cust170629-2-133-1,69579338,customer,91e08ccc-2a7a-4222-9ffb-d1ba93198a32,dfsp2,cust170629-2-133-2,PT-cust170629-2-133-2,42785290,customer,4942d330-06ef-4afe-b844-8060ac0145ae
dfsp1,cust170629-2-134-1,PT-cust170629-2-134-1,33053607,customer,58105f2d-1116-40d4-9745-16155674487f,dfsp2,cust170629-2-134-2,PT-cust170629-2-134-2,36462974,customer,d58aa5b3-866a-4dfc-b6ae-5599af38f155
dfsp1,cust170629-2-135-1,PT-cust170629-2-135-1,22050003,customer,aea995c7-48d2-431f-b55e-cad684846855,dfsp2,cust170629-2-135-2,PT-cust170629-2-135-2,97247085,customer,44b0785c-4887-4ef5-a095-c3ea32a66df5
dfsp1,cust170629-2-136-1,PT-cust170629-2-136-1,14228553,customer,692178b0-04fc-43ef-902a-2856d36cdd9d,dfsp2,cust170629-2-136-2,PT-cust170629-2-136-2,30392558,customer,3e5afbc6-61bd-4b5f-abbc-f30b3ba44ff9
dfsp1,cust170629-2-137-1,PT-cust170629-2-137-1,74403640,customer,df6b210f-7860-4807-8767-9bc8594f6825,dfsp2,cust170629-2-137-2,PT-cust170629-2-137-2,63394083,customer,3cb10307-bc2c-405b-bd58-ed3aa7423410
dfsp1,cust170629-2-138-1,PT-cust170629-2-138-1,42459968,customer,d9a78f2d-bfb7-4cc2-a651-73bf1c629065,dfsp2,cust170629-2-138-2,PT-cust170629-2-138-2,77171561,customer,43fbf649-b3b3-4610-94b4-ecd7481e0468
dfsp1,cust170629-2-139-1,PT-cust170629-2-139-1,73397376,customer,9edb5f42-245b-4d51-90d5-c1add9aac46d,dfsp2,cust170629-2-139-2,PT-cust170629-2-139-2,41554252,customer,d0f6e28b-3ac4-40a1-bde8-b0f5b32eba87
dfsp1,cust170629-2-140-1,PT-cust170629-2-140-1,98421253,customer,f14188c0-6498-4a25-9e16-6b73e95582c6,dfsp2,cust170629-2-140-2,PT-cust170629-2-140-2,27254211,customer,df3d9458-09c7-42ed-87c4-c587c6927693
dfsp1,cust170629-2-141-1,PT-cust170629-2-141-1,48643045,customer,2991f510-f076-4740-8e28-f277b2ff7ecf,dfsp2,cust170629-2-141-2,PT-cust170629-2-141-2,36437361,customer,e0216b46-3c7a-4ddc-b7ab-ce67a85f83e9
dfsp1,cust170629-2-142-1,PT-cust170629-2-142-1,84279045,customer,83952cc6-4f12-4126-9619-93de8d3ac8ca,dfsp2,cust170629-2-142-2,PT-cust170629-2-142-2,27972142,customer,5d44caee-956c-49b1-a7b5-0fa54851d407
dfsp1,cust170629-2-143-1,PT-cust170629-2-143-1,4542404,customer,a72722cb-d8ed-4e3c-8491-34b51002d67c,dfsp2,cust170629-2-143-2,PT-cust170629-2-143-2,92188446,customer,34fdc5a6-0e30-459a-8cb3-a66427d9ce0c
dfsp1,cust170629-2-144-1,PT-cust170629-2-144-1,41158238,customer,da7de527-a37d-4e5a-aaeb-658e990e0a56,dfsp2,cust170629-2-144-2,PT-cust170629-2-144-2,59971289,customer,93ff602b-a2d9-42ec-a1ea-b6f47923043a
dfsp1,cust170629-2-145-1,PT-cust170629-2-145-1,7713766,customer,94e18f7e-3be5-4a15-8458-76473c5d84c6,dfsp2,cust170629-2-145-2,PT-cust170629-2-145-2,9244948,customer,5f23ea9b-9379-4eaf-b189-30ea93177595
dfsp1,cust170629-2-146-1,PT-cust170629-2-146-1,37471032,customer,66d27938-ac71-4345-bfeb-ffaa76e62685,dfsp2,cust170629-2-146-2,PT-cust170629-2-146-2,50380553,customer,0b2a7cda-aadb-44a5-b7be-0190def31d8c
dfsp1,cust170629-2-147-1,PT-cust170629-2-147-1,17254106,customer,d4fa9096-80ad-42b2-8d91-38c615e61e8a,dfsp2,cust170629-2-147-2,PT-cust170629-2-147-2,93855936,customer,dd53606b-d035-4292-85f2-7df9d9e5c63c
dfsp1,cust170629-2-148-1,PT-cust170629-2-148-1,4595198,customer,bcd7394a-050a-4270-831b-1b47127e3147,dfsp2,cust170629-2-148-2,PT-cust170629-2-148-2,37259116,customer,8207159c-0c05-4cdd-83f5-6f6d2dad4be7
dfsp1,cust170629-2-149-1,PT-cust170629-2-149-1,92833885,customer,df94ae28-4451-44b6-bbf7-ac327e9f86d2,dfsp2,cust170629-2-149-2,PT-cust170629-2-149-2,3063260,customer,9a92da8c-09f6-4bdb-a84b-0f4b62c5f44c
dfsp1,cust170629-2-150-1,PT-cust170629-2-150-1,56271574,customer,668b0f0f-492a-413d-87cc-43bc4a9ecca8,dfsp2,cust170629-2-150-2,PT-cust170629-2-150-2,37394989,customer,105ab34b-5338-4303-98e0-1b9a760360ec
dfsp1,cust170629-2-151-1,PT-cust170629-2-151-1,53609283,customer,b824a1c7-4cdd-4bcc-8648-3f5ac7f5a8fe,dfsp2,cust170629-2-151-2,PT-cust170629-2-151-2,83175359,customer,147e7ec1-bb74-40f5-86df-693a793db5fa
dfsp1,cust170629-2-152-1,PT-cust170629-2-152-1,81648341,customer,36909a54-f571-4b61-956f-b008df8222e1,dfsp2,cust170629-2-152-2,PT-cust170629-2-152-2,72758495,customer,bdcd8f95-b753-465d-a09f-ad4d602b858c
dfsp1,cust170629-2-153-1,PT-cust170629-2-153-1,11001376,customer,efef6669-791a-4c60-a39a-1ba1080dbd83,dfsp2,cust170629-2-153-2,PT-cust170629-2-153-2,30869351,customer,1e674a04-6976-4134-901d-f73796378e59
dfsp1,cust170629-2-154-1,PT-cust170629-2-154-1,86741650,customer,1e6bdf76-ed39-449b-8137-f8f0b5ba5f42,dfsp2,cust170629-2-154-2,PT-cust170629-2-154-2,40669519,customer,0c2e1944-5375-412c-bb3a-3bf37f4e9338
dfsp1,cust170629-2-155-1,PT-cust170629-2-155-1,49872738,customer,5e657c5c-7e1d-4b80-84f0-8b4358fc10fa,dfsp2,cust170629-2-155-2,PT-cust170629-2-155-2,56447828,customer,3a124196-83f0-41b1-9fb8-de1a362a089a
dfsp1,cust170629-2-156-1,PT-cust170629-2-156-1,83710186,customer,1ac20443-3f24-4512-97dd-d4414b41edd4,dfsp2,cust170629-2-156-2,PT-cust170629-2-156-2,27115341,customer,a075ca87-5871-4311-bf4b-44794e01e3e3
dfsp1,cust170629-2-157-1,PT-cust170629-2-157-1,71300464,customer,9484a0c5-be33-44c2-82e3-5e76989632d6,dfsp2,cust170629-2-157-2,PT-cust170629-2-157-2,88076658,customer,d6bde09d-90e4-4f27-98ea-b445ffde276c
dfsp1,cust170629-2-158-1,PT-cust170629-2-158-1,46437715,customer,24c9134b-e4b3-4f9d-b8f3-41007e5299fe,dfsp2,cust170629-2-158-2,PT-cust170629-2-158-2,51218016,customer,cca1947b-4e0d-4397-bd4e-de36d335f6f7
dfsp1,cust170629-2-159-1,PT-cust170629-2-159-1,43486400,customer,288a8004-1178-437d-969d-56ef45a87982,dfsp2,cust170629-2-159-2,PT-cust170629-2-159-2,67940239,customer,b806df56-0670-4938-9fd6-fd0a0a08c3d2
dfsp1,cust170629-2-160-1,PT-cust170629-2-160-1,12168958,customer,aa0a6441-a1bb-41e9-a7f7-6332923ffcc5,dfsp2,cust170629-2-160-2,PT-cust170629-2-160-2,53114267,customer,035f5896-d896-4d76-ab34-c0eabb63c3b1
dfsp1,cust170629-2-161-1,PT-cust170629-2-161-1,58012325,customer,c7a6fb8f-fb7b-4b1f-93ed-3230cf128504,dfsp2,cust170629-2-161-2,PT-cust170629-2-161-2,86329764,customer,8f18f475-ecf6-4c85-8318-bebc9786235a
dfsp1,cust170629-2-162-1,PT-cust170629-2-162-1,10790836,customer,f37727a5-049d-48ce-ad4d-27f47bc784db,dfsp2,cust170629-2-162-2,PT-cust170629-2-162-2,77266394,customer,95f2b29d-ca50-4427-a38a-41cad6409a97
dfsp1,cust170629-2-163-1,PT-cust170629-2-163-1,58308657,customer,1136a5bd-0f13-400d-a152-500fdedf2fe5,dfsp2,cust170629-2-163-2,PT-cust170629-2-163-2,44009116,customer,5b6506f9-04a3-4570-9396-34559b3dfe56
dfsp1,cust170629-2-164-1,PT-cust170629-2-164-1,1011688,customer,0843daa4-6c2d-4d04-88ed-b171113600f6,dfsp2,cust170629-2-164-2,PT-cust170629-2-164-2,36458577,customer,6aafcc12-dda4-4cb5-ae47-baa9981af3e5
dfsp1,cust170629-2-165-1,PT-cust170629-2-165-1,58050948,customer,c0071f9f-c68f-4382-9839-0e5bbc095685,dfsp2,cust170629-2-165-2,PT-cust170629-2-165-2,61882904,customer,9031bece-d89f-4168-b097-cec1682e185a
dfsp1,cust170629-2-166-1,PT-cust170629-2-166-1,4402524,customer,fd4fa1a8-83dc-4c4f-b22a-23c00d994f78,dfsp2,cust170629-2-166-2,PT-cust170629-2-166-2,52102365,customer,75b6aa58-cd04-4e13-9c82-7cbd1983540b
dfsp1,cust170629-2-167-1,PT-cust170629-2-167-1,27800405,customer,c7d94eb6-9081-4ff9-afcb-9f7d68fad0e4,dfsp2,cust170629-2-167-2,PT-cust170629-2-167-2,92010846,customer,cb81cc70-e1c4-453c-a4bd-9b3b0ec6c45f
dfsp1,cust170629-2-168-1,PT-cust170629-2-168-1,95955296,customer,7bb2dc2d-48d8-4fa1-8123-eb1480305cbd,dfsp2,cust170629-2-168-2,PT-cust170629-2-168-2,78967673,customer,3aad4daa-cff1-47a8-8beb-45bf7a9a005a
dfsp1,cust170629-2-169-1,PT-cust170629-2-169-1,24001764,customer,12aa1f34-2059-4336-aa83-48210e3a2df8,dfsp2,cust170629-2-169-2,PT-cust170629-2-169-2,4411118,customer,fa51b2e9-591a-4809-aab8-b3a535b5e6a0
dfsp1,cust170629-2-170-1,PT-cust170629-2-170-1,49475727,customer,144a09c7-8ff4-4b31-a06b-fd53d367d435,dfsp2,cust170629-2-170-2,PT-cust170629-2-170-2,91228066,customer,c82eb6da-4faa-4c58-a4ac-8939e49cdac9
dfsp1,cust170629-2-171-1,PT-cust170629-2-171-1,75924045,customer,7dc0a8ee-9734-4200-a3bc-1bb2042139e3,dfsp2,cust170629-2-171-2,PT-cust170629-2-171-2,73760640,customer,ebe57f93-231b-44bd-9b8f-24e97a6c35cb
dfsp1,cust170629-2-172-1,PT-cust170629-2-172-1,24859168,customer,e502540c-a6c1-4b2a-803a-8e8006360f9f,dfsp2,cust170629-2-172-2,PT-cust170629-2-172-2,54501417,customer,c1d84d99-f5cd-4ee4-b3c3-111337ec0ba7
dfsp1,cust170629-2-173-1,PT-cust170629-2-173-1,568882,customer,700d08fd-1e50-45b7-a754-a48bc85a0e8a,dfsp2,cust170629-2-173-2,PT-cust170629-2-173-2,68577767,customer,6fbc6363-fb7e-459d-a973-af0b05b9803e
dfsp1,cust170629-2-174-1,PT-cust170629-2-174-1,34669442,customer,c97d74b1-fe9c-49cd-a50c-d1ea82a947fa,dfsp2,cust170629-2-174-2,PT-cust170629-2-174-2,5371165,customer,c4ac17a3-afce-46ea-a0e9-b9547ec4a404
dfsp1,cust170629-2-175-1,PT-cust170629-2-175-1,36789795,customer,68b2913f-8a8e-4b36-a375-b9f1e9e9e073,dfsp2,cust170629-2-175-2,PT-cust170629-2-175-2,86874870,customer,30254032-3e7e-4ece-9bb0-449b80d6e094
dfsp1,cust170629-2-176-1,PT-cust170629-2-176-1,76685824,customer,1b35620b-de41-449c-8564-e156657960ca,dfsp2,cust170629-2-176-2,PT-cust170629-2-176-2,9519048,customer,6190a617-0205-4518-b03a-76b7ac935999
dfsp1,cust170629-2-177-1,PT-cust170629-2-177-1,55121810,customer,91a316f5-a2cb-43f6-bc2f-1485b5566806,dfsp2,cust170629-2-177-2,PT-cust170629-2-177-2,43554457,customer,bcf8f24f-cc74-4267-939b-68470cf8f75e
dfsp1,cust170629-2-178-1,PT-cust170629-2-178-1,40852558,customer,984461fc-f5d1-4d08-a117-f4c099ae2465,dfsp2,cust170629-2-178-2,PT-cust170629-2-178-2,8071667,customer,5e3ccfb3-90ae-4587-8a6c-68d105435781
dfsp1,cust170629-2-179-1,PT-cust170629-2-179-1,47189259,customer,cff0d12b-256b-4717-876e-061b8942dba4,dfsp2,cust170629-2-179-2,PT-cust170629-2-179-2,99564704,customer,63f203bf-3d86-4579-b0dc-f43c227a346c
dfsp1,cust170629-2-180-1,PT-cust170629-2-180-1,8693595,customer,fd74c97d-e5ed-41cb-b526-aa668338b21a,dfsp2,cust170629-2-180-2,PT-cust170629-2-180-2,2600166,customer,2f8d9e0f-591b-4cbb-abbf-783f83d0f536
dfsp1,cust170629-2-181-1,PT-cust170629-2-181-1,85994120,customer,69a24620-686a-413e-bfd5-2abcc5fc12ef,dfsp2,cust170629-2-181-2,PT-cust170629-2-181-2,21153667,customer,2b26af3a-3855-465a-b8a0-af33173dd275
dfsp1,cust170629-2-182-1,PT-cust170629-2-182-1,10589320,customer,1606102d-5eee-419e-b02b-ff1c0bf88d19,dfsp2,cust170629-2-182-2,PT-cust170629-2-182-2,66266600,customer,536614bd-8e1b-4681-9e91-dd7aee6fb7df
dfsp1,cust170629-2-183-1,PT-cust170629-2-183-1,48200924,customer,1f5d61ac-3c65-4b6a-812b-70005c896736,dfsp2,cust170629-2-183-2,PT-cust170629-2-183-2,40233889,customer,a6cf4fed-3088-4d25-943d-40106d8b6f64
dfsp1,cust170629-2-184-1,PT-cust170629-2-184-1,75430061,customer,8c23a796-6089-4e6f-8b12-4b91bebf5e89,dfsp2,cust170629-2-184-2,PT-cust170629-2-184-2,71623685,customer,734a7347-6135-487f-a4b9-96b45921a188
dfsp1,cust170629-2-185-1,PT-cust170629-2-185-1,22443644,customer,4a772ab0-b583-4497-8fed-44002b758eca,dfsp2,cust170629-2-185-2,PT-cust170629-2-185-2,68974029,customer,80c8799c-d959-42a1-8cb3-f6bb7bc2a4c6
dfsp1,cust170629-2-186-1,PT-cust170629-2-186-1,35835404,customer,cd3444d5-c202-43fb-9156-3aee673397fc,dfsp2,cust170629-2-186-2,PT-cust170629-2-186-2,70993341,customer,dd9ff9ff-ab8d-49a3-a8cc-6d272d228594
dfsp1,cust170629-2-187-1,PT-cust170629-2-187-1,18442219,customer,a1680e0d-b5b0-4ed7-a41e-56e80a05bc41,dfsp2,cust170629-2-187-2,PT-cust170629-2-187-2,52538970,customer,37421737-14d8-46ce-b4fa-f437242cd069
dfsp1,cust170629-2-188-1,PT-cust170629-2-188-1,65512644,customer,9e931f0f-9b97-4428-8f86-43227287db21,dfsp2,cust170629-2-188-2,PT-cust170629-2-188-2,5639048,customer,3dba0cf0-67aa-4600-b7b4-7dd6eec758cd
dfsp1,cust170629-2-189-1,PT-cust170629-2-189-1,66073375,customer,2397bcb1-a6a1-492c-841e-1ce0b3dd0111,dfsp2,cust170629-2-189-2,PT-cust170629-2-189-2,88180580,customer,83073684-a4f6-41a5-9e20-2ff22544d180
dfsp1,cust170629-2-190-1,PT-cust170629-2-190-1,88242062,customer,956ae35e-22e3-49eb-871f-a6fa14228768,dfsp2,cust170629-2-190-2,PT-cust170629-2-190-2,91718596,customer,6842f5e9-2d2d-4863-809f-14e17470272c
dfsp1,cust170629-2-191-1,PT-cust170629-2-191-1,94942917,customer,f10ee829-88d7-4b07-9bcb-138ae83965d9,dfsp2,cust170629-2-191-2,PT-cust170629-2-191-2,3169866,customer,0f15a660-a692-4a19-8606-c2a2b7c4f619
dfsp1,cust170629-2-192-1,PT-cust170629-2-192-1,4959658,customer,bb349683-1b43-44a5-aabf-3a9f654164f1,dfsp2,cust170629-2-192-2,PT-cust170629-2-192-2,863642,customer,dead08de-f5ff-4086-9586-93c56c69ab66
dfsp1,cust170629-2-193-1,PT-cust170629-2-193-1,93206842,customer,025160f1-e8c4-4bf1-bb24-46da2b8adab6,dfsp2,cust170629-2-193-2,PT-cust170629-2-193-2,9123125,customer,88357da0-b632-481d-9824-b22716d37123
dfsp1,cust170629-2-194-1,PT-cust170629-2-194-1,22654065,customer,1309e440-6378-4535-8b06-89679aa27989,dfsp2,cust170629-2-194-2,PT-cust170629-2-194-2,27018691,customer,b2e000ab-e2e3-4ab3-ba8e-015902b830dd
dfsp1,cust170629-2-195-1,PT-cust170629-2-195-1,79442208,customer,7ecaa9e8-e515-42a5-847e-e50f660c3c03,dfsp2,cust170629-2-195-2,PT-cust170629-2-195-2,79207446,customer,643e891c-f485-403e-8fcb-29bd280d122f
dfsp1,cust170629-2-196-1,PT-cust170629-2-196-1,85997769,customer,bc3a5f7a-eb33-47bc-9c61-19a6f9b85705,dfsp2,cust170629-2-196-2,PT-cust170629-2-196-2,96620334,customer,f0590bdf-af53-44bf-9640-2f9cabafed97
dfsp1,cust170629-2-197-1,PT-cust170629-2-197-1,33314171,customer,76909fc7-0d7e-4324-aae6-ee892dfa37d0,dfsp2,cust170629-2-197-2,PT-cust170629-2-197-2,27886892,customer,c2d9ecd9-07cd-43ca-9196-cc5054bd2b17
dfsp1,cust170629-2-198-1,PT-cust170629-2-198-1,35770174,customer,dfb8f70a-f095-4421-b0f4-5dadebd63575,dfsp2,cust170629-2-198-2,PT-cust170629-2-198-2,13304571,customer,46c4db50-cf49-401e-971d-2db5ac76e245
dfsp1,cust170629-2-199-1,PT-cust170629-2-199-1,98858455,customer,c2e4ca4c-4b1d-4c8e-a1b6-70f7a3439e8e,dfsp2,cust170629-2-199-2,PT-cust170629-2-199-2,89952784,customer,cd80a26a-45f6-4034-b6cb-889448b14547
dfsp1,cust170629-2-200-1,PT-cust170629-2-200-1,23955822,customer,6b1fc309-95cd-435b-b34f-1903311b3bcb,dfsp2,cust170629-2-200-2,PT-cust170629-2-200-2,30165856,customer,af8dae46-e961-4754-81cb-246e4e2e4dc4
dfsp1,cust170629-2-201-1,PT-cust170629-2-201-1,67303339,customer,f6076080-31e5-4d7d-a123-fc70329e8697,dfsp2,cust170629-2-201-2,PT-cust170629-2-201-2,97086282,customer,345be983-4f4f-4ad9-804a-09b841192386
dfsp1,cust170629-2-202-1,PT-cust170629-2-202-1,35046398,customer,00f8b0a9-0b71-4848-aaca-ccfb6e73e30a,dfsp2,cust170629-2-202-2,PT-cust170629-2-202-2,15774202,customer,eec8cc42-ca4e-4d79-8a08-612dc734d6b0
dfsp1,cust170629-2-203-1,PT-cust170629-2-203-1,26185114,customer,a20c6c79-bd94-4172-aa7a-ec0046ef740e,dfsp2,cust170629-2-203-2,PT-cust170629-2-203-2,44788847,customer,88f9690a-0c92-4223-b271-fbd4c9e3f3df
dfsp1,cust170629-2-204-1,PT-cust170629-2-204-1,44392935,customer,1d4a0a55-0de4-4c43-a83d-32fb4a6c93aa,dfsp2,cust170629-2-204-2,PT-cust170629-2-204-2,91365945,customer,2bfe213f-ca96-47c0-8bdd-b9a8c68d7cc5
dfsp1,cust170629-2-205-1,PT-cust170629-2-205-1,22889416,customer,5fa60800-78c3-4606-88a1-eea5a20bb401,dfsp2,cust170629-2-205-2,PT-cust170629-2-205-2,59003088,customer,c340db3d-3675-42c3-aab6-0de2e3339e93
dfsp1,cust170629-2-206-1,PT-cust170629-2-206-1,43029035,customer,94085966-b6b5-4330-a905-582a17fc5c77,dfsp2,cust170629-2-206-2,PT-cust170629-2-206-2,28231868,customer,0f2d41f5-6227-426c-949d-79c2ed31ebe0
dfsp1,cust170629-2-207-1,PT-cust170629-2-207-1,81903151,customer,4e7d9a01-ed2c-4b76-bd60-658dda4f5285,dfsp2,cust170629-2-207-2,PT-cust170629-2-207-2,52575945,customer,05872c2c-075e-4d4f-b427-21fabc6cbfea
dfsp1,cust170629-2-208-1,PT-cust170629-2-208-1,32938070,customer,82bf69e4-d8d0-4b02-83cd-f4daa6f2fc26,dfsp2,cust170629-2-208-2,PT-cust170629-2-208-2,41361205,customer,f99e96d3-ae77-4149-9298-265ad2db62d7
dfsp1,cust170629-2-209-1,PT-cust170629-2-209-1,31276262,customer,3573555d-5832-41c0-9d42-920ec1debebb,dfsp2,cust170629-2-209-2,PT-cust170629-2-209-2,11708284,customer,7a3ab886-4898-44bc-ad81-a41af1873c5d
dfsp1,cust170629-2-210-1,PT-cust170629-2-210-1,80086757,customer,23b19654-6e01-4ae4-83b5-ba5148a11db7,dfsp2,cust170629-2-210-2,PT-cust170629-2-210-2,34326797,customer,07954364-c094-4db4-8558-8db9064a705d
dfsp1,cust170629-2-211-1,PT-cust170629-2-211-1,33532889,customer,51e125dd-7919-4856-8568-313f6a92eb9e,dfsp2,cust170629-2-211-2,PT-cust170629-2-211-2,34025165,customer,028284c7-78ae-44f7-b124-b3ee7e37a299
dfsp1,cust170629-2-212-1,PT-cust170629-2-212-1,32162908,customer,fb58f43f-16c5-4fc3-84c1-63d1d740ff47,dfsp2,cust170629-2-212-2,PT-cust170629-2-212-2,32366400,customer,9ce08e12-bf23-4942-847e-2e13e9e0bb25
dfsp1,cust170629-2-213-1,PT-cust170629-2-213-1,93255239,customer,70cd5ac0-1bff-45df-9186-0d362c822d02,dfsp2,cust170629-2-213-2,PT-cust170629-2-213-2,87504630,customer,782e4117-9b83-4c3d-96f4-e23f5d9cdb13
dfsp1,cust170629-2-214-1,PT-cust170629-2-214-1,96819252,customer,321d0fc9-4d71-487d-af9f-557c334b267d,dfsp2,cust170629-2-214-2,PT-cust170629-2-214-2,46149456,customer,e428f0e9-169d-4035-b938-7ebed2fd243d
dfsp1,cust170629-2-215-1,PT-cust170629-2-215-1,52709724,customer,82a21136-05ee-4eca-b852-2d5071febeab,dfsp2,cust170629-2-215-2,PT-cust170629-2-215-2,32087804,customer,601b5692-66c4-4b63-9d99-140026cfd8ad
dfsp1,cust170629-2-216-1,PT-cust170629-2-216-1,28129738,customer,d94f011e-b333-49db-ac4e-4b63214bfec4,dfsp2,cust170629-2-216-2,PT-cust170629-2-216-2,18021995,customer,78306aa5-1f0f-4d55-85eb-34c83c538c0f
dfsp1,cust170629-2-217-1,PT-cust170629-2-217-1,42657968,customer,83f8ee21-d527-48ac-ae27-92ff57b9ca26,dfsp2,cust170629-2-217-2,PT-cust170629-2-217-2,42512931,customer,6ed3e5fd-3177-4344-ac17-ec7b67bb6c6b
dfsp1,cust170629-2-218-1,PT-cust170629-2-218-1,13955918,customer,6bcbd926-08f4-4628-9419-33e6566739fa,dfsp2,cust170629-2-218-2,PT-cust170629-2-218-2,86364433,customer,bfa18a95-6e19-4038-988c-abc3ff82a158
dfsp1,cust170629-2-219-1,PT-cust170629-2-219-1,53126042,customer,fed5964b-c82e-44c1-9f37-074d869d4541,dfsp2,cust170629-2-219-2,PT-cust170629-2-219-2,57777684,customer,3e2509b7-03d5-4667-a64d-746a73a7908b
dfsp1,cust170629-2-220-1,PT-cust170629-2-220-1,85628369,customer,00ae9534-e589-427b-bf80-301b1df47f4c,dfsp2,cust170629-2-220-2,PT-cust170629-2-220-2,88394629,customer,70e49005-f46a-4b38-949f-102ca163e506
dfsp1,cust170629-2-221-1,PT-cust170629-2-221-1,34576861,customer,a2f222f7-1a9e-4fd3-9d38-d027f4b6988f,dfsp2,cust170629-2-221-2,PT-cust170629-2-221-2,20674961,customer,3c9fdccb-58a0-4c59-b8d2-3a96fc0a11f0
dfsp1,cust170629-2-222-1,PT-cust170629-2-222-1,43069192,customer,09a19270-7e58-4e3a-a8de-745d97fe1358,dfsp2,cust170629-2-222-2,PT-cust170629-2-222-2,2545860,customer,6658bd0f-7b95-4940-9a42-998d91c84183
dfsp1,cust170629-2-223-1,PT-cust170629-2-223-1,56466326,customer,681b3aea-764c-4719-b219-25610aa0d5b9,dfsp2,cust170629-2-223-2,PT-cust170629-2-223-2,81905220,customer,c48e47b7-321f-41c2-918d-ff33ddf7f409
dfsp1,cust170629-2-224-1,PT-cust170629-2-224-1,71644136,customer,c796e8bb-90ce-49a3-ac50-22e20e83519d,dfsp2,cust170629-2-224-2,PT-cust170629-2-224-2,26697697,customer,84b2a0a4-4e26-493c-a866-b0318afdbee1
dfsp1,cust170629-2-225-1,PT-cust170629-2-225-1,26329794,customer,b4221bd0-b704-48fc-bb9c-81ab3d205ce3,dfsp2,cust170629-2-225-2,PT-cust170629-2-225-2,22635647,customer,77c74e56-65fe-426d-ae5f-b14a062cb60a
dfsp1,cust170629-2-226-1,PT-cust170629-2-226-1,28944355,customer,c0635c9b-3c33-4e0c-b1c4-1ce8aee9d388,dfsp2,cust170629-2-226-2,PT-cust170629-2-226-2,28895449,customer,14786128-d0d7-4a73-adf1-ce0dfb5f3906
dfsp1,cust170629-2-227-1,PT-cust170629-2-227-1,32200801,customer,1f284a8a-2276-4ed2-89f4-0ddd72795e5e,dfsp2,cust170629-2-227-2,PT-cust170629-2-227-2,84039880,customer,e3826c92-1a78-4f4d-85c3-69e6c682a6f8
dfsp1,cust170629-2-228-1,PT-cust170629-2-228-1,87091121,customer,545754c5-77e0-4b9c-bc88-ad15d820fc7c,dfsp2,cust170629-2-228-2,PT-cust170629-2-228-2,24351561,customer,ce66defc-f13f-4d66-9895-9215b64d5f2e
dfsp1,cust170629-2-229-1,PT-cust170629-2-229-1,78643729,customer,c8cc42a7-bda2-4e77-b317-dbf361c89617,dfsp2,cust170629-2-229-2,PT-cust170629-2-229-2,75187872,customer,f333c6d9-1458-48e8-b3aa-e9701f1a3772
dfsp1,cust170629-2-230-1,PT-cust170629-2-230-1,60987629,customer,17805268-c2ae-4b24-bcf8-e42b253f5bc4,dfsp2,cust170629-2-230-2,PT-cust170629-2-230-2,79994850,customer,52fe7cce-4668-4e59-8746-5c5d5146d1e1
dfsp1,cust170629-2-231-1,PT-cust170629-2-231-1,43760972,customer,4adf5fea-0bc1-40d4-b1d7-e3aad9916a12,dfsp2,cust170629-2-231-2,PT-cust170629-2-231-2,13770438,customer,93d747a8-27ec-4637-a5de-c3073698a10e
dfsp1,cust170629-2-232-1,PT-cust170629-2-232-1,87463441,customer,605724ec-072c-4de0-b0a6-f5e81c18c7a9,dfsp2,cust170629-2-232-2,PT-cust170629-2-232-2,873201,customer,d1cebaa7-f769-499c-bf1a-bbc9e9200442
dfsp1,cust170629-2-233-1,PT-cust170629-2-233-1,84706594,customer,d7bf7102-23bf-4689-8fcc-3c48f2445a97,dfsp2,cust170629-2-233-2,PT-cust170629-2-233-2,4723281,customer,5ae48bfd-e1fc-42e1-9270-791e9c92cde2
dfsp1,cust170629-2-234-1,PT-cust170629-2-234-1,70098707,customer,a468db7a-7787-4f04-ad92-46060fb155a7,dfsp2,cust170629-2-234-2,PT-cust170629-2-234-2,39560343,customer,905e8e60-3eda-4266-82ff-43ad5f5f287b
dfsp1,cust170629-2-235-1,PT-cust170629-2-235-1,977118,customer,71618a72-cbfb-46d0-bf6c-922e5048d81a,dfsp2,cust170629-2-235-2,PT-cust170629-2-235-2,48622295,customer,c6e6f075-7a57-4ae5-801c-4abb84551530
dfsp1,cust170629-2-236-1,PT-cust170629-2-236-1,99744665,customer,e6f8ed0b-c6fe-4e61-a2c2-575d73aa371b,dfsp2,cust170629-2-236-2,PT-cust170629-2-236-2,78522031,customer,656ab06f-af8a-451a-a46a-d2f31f3a8c61
dfsp1,cust170629-2-237-1,PT-cust170629-2-237-1,52084788,customer,c269f915-3490-4f60-8f28-2670c9a29fab,dfsp2,cust170629-2-237-2,PT-cust170629-2-237-2,77154573,customer,72c755b1-6a36-48db-9286-b1ea95575296
dfsp1,cust170629-2-238-1,PT-cust170629-2-238-1,24222591,customer,a968eaf2-1dcc-411d-a256-3ce130ca83c0,dfsp2,cust170629-2-238-2,PT-cust170629-2-238-2,98860915,customer,f666df9c-1446-4d16-8e40-3f7a3d6cd790
dfsp1,cust170629-2-239-1,PT-cust170629-2-239-1,81178430,customer,f3cccc6b-1c39-48bd-82b4-2e9c38ae73d0,dfsp2,cust170629-2-239-2,PT-cust170629-2-239-2,47049184,customer,39acc4b5-7c60-4fec-800e-400dc741f3c9
dfsp1,cust170629-2-240-1,PT-cust170629-2-240-1,34754913,customer,209f66a3-449b-43b9-a25e-51b45f909c45,dfsp2,cust170629-2-240-2,PT-cust170629-2-240-2,10316039,customer,53450750-cd3d-4979-975e-acea8f4235ae
dfsp1,cust170629-2-241-1,PT-cust170629-2-241-1,28163404,customer,3dfcfee5-f618-4a41-9cd5-cc5182f15aef,dfsp2,cust170629-2-241-2,PT-cust170629-2-241-2,89753314,customer,a15800cc-a9c9-4ed2-abaa-af0bc6d4d728
dfsp1,cust170629-2-242-1,PT-cust170629-2-242-1,59767726,customer,0de42cb2-aec2-4df0-aff0-aa122d69d3f9,dfsp2,cust170629-2-242-2,PT-cust170629-2-242-2,60659728,customer,fb5e4215-92ef-4c6c-ac5b-c0a6e54c0d0d
dfsp1,cust170629-2-243-1,PT-cust170629-2-243-1,77353171,customer,8d159b79-9215-4747-b503-71d352bbc96c,dfsp2,cust170629-2-243-2,PT-cust170629-2-243-2,58109338,customer,487f0caa-404a-4674-a25f-00a0c1578e12
dfsp1,cust170629-2-244-1,PT-cust170629-2-244-1,96256557,customer,2aaf123c-9024-497f-a0e7-94d9bfab3c15,dfsp2,cust170629-2-244-2,PT-cust170629-2-244-2,38408337,customer,3fe00af4-2e76-46e3-bf72-4cea3df8da2c
dfsp1,cust170629-2-245-1,PT-cust170629-2-245-1,48493572,customer,2bbe4bf7-5d9c-42de-bf26-c311a854e289,dfsp2,cust170629-2-245-2,PT-cust170629-2-245-2,89103085,customer,8c5d9d77-86fd-4a62-9c89-d395d6844e93
dfsp1,cust170629-2-246-1,PT-cust170629-2-246-1,78111251,customer,2336177a-0f8f-4ccc-952e-94756c58d621,dfsp2,cust170629-2-246-2,PT-cust170629-2-246-2,24907507,customer,b3353b8e-e895-4627-ab0f-ac179185f061
dfsp1,cust170629-2-247-1,PT-cust170629-2-247-1,66675845,customer,5fa66e49-8110-4cb9-9bac-cce1ca5fff02,dfsp2,cust170629-2-247-2,PT-cust170629-2-247-2,64509210,customer,c9794da0-2dfe-4003-b18d-a6aa41ea7034
dfsp1,cust170629-2-248-1,PT-cust170629-2-248-1,49084871,customer,30d877e4-59f4-45e6-ad14-af44ae67f347,dfsp2,cust170629-2-248-2,PT-cust170629-2-248-2,32942122,customer,059b267c-f67b-4444-a852-8882e852869c
dfsp1,cust170629-2-249-1,PT-cust170629-2-249-1,81779527,customer,04d2e425-1111-498a-8f6e-01e865edaaba,dfsp2,cust170629-2-249-2,PT-cust170629-2-249-2,91332756,customer,ebf7eca0-b97b-498d-8f96-de04e9bc6132
dfsp1,cust170629-2-250-1,PT-cust170629-2-250-1,99205147,customer,6312d6a5-1f36-4c97-bcd3-1cd918a5b837,dfsp2,cust170629-2-250-2,PT-cust170629-2-250-2,12232727,customer,1685f9b4-c375-4474-aaf1-084c5e7e16a7